pair,base_bar,signal_bar,float_pct,tp_pct,sl_pct,initial,final,total_return_pct,trades,wins,losses,win_rate_pct,max_dd_pct,profit_factor,monthly_pct,n_signals
SOL-USDT-SWAP,30m,4H,0.001,0.006,0.005,300.0,891.0,197.0,4250,2354,1896,55.388,59.959,1.035,8.085,4388
SOL-USDT-SWAP,30m,4H,0.001,0.006,0.008,300.0,4644.0,1448.0,4250,2939,1311,69.153,16.447,1.245,59.425,4388
SOL-USDT-SWAP,30m,4H,0.001,0.006,0.01,300.0,6471.0,2057.0,4250,3179,1071,74.8,15.814,1.349,84.419,4388
SOL-USDT-SWAP,30m,4H,0.001,0.006,0.015,300.0,10030.5,3243.5,4250,3547,703,83.459,19.111,1.577,133.112,4388
SOL-USDT-SWAP,30m,4H,0.001,0.006,0.02,300.0,12519.0,4073.0,4250,3746,504,88.141,14.222,1.77,167.155,4388
SOL-USDT-SWAP,30m,4H,0.001,0.008,0.005,300.0,1518.0,406.0,4250,2024,2226,47.624,47.34,1.061,16.662,4388
SOL-USDT-SWAP,30m,4H,0.001,0.008,0.008,300.0,5205.0,1635.0,4250,2595,1655,61.059,23.654,1.22,67.1,4388
SOL-USDT-SWAP,30m,4H,0.001,0.008,0.01,300.0,6612.0,2104.0,4250,2831,1419,66.612,14.778,1.27,86.347,4388
SOL-USDT-SWAP,30m,4H,0.001,0.008,0.015,300.0,9321.0,3007.0,4250,3218,1032,75.718,26.0,1.364,123.406,4388
SOL-USDT-SWAP,30m,4H,0.001,0.008,0.02,300.0,11325.0,3675.0,4250,3450,800,81.176,24.5,1.438,150.821,4388
SOL-USDT-SWAP,30m,4H,0.001,0.01,0.005,300.0,885.0,195.0,4250,1726,2524,40.612,80.707,1.026,8.003,4388
SOL-USDT-SWAP,30m,4H,0.001,0.01,0.008,300.0,3945.0,1215.0,4250,2260,1990,53.176,33.697,1.136,49.863,4388
SOL-USDT-SWAP,30m,4H,0.001,0.01,0.01,300.0,5235.0,1645.0,4250,2502,1748,58.871,20.5,1.171,67.51,4388
SOL-USDT-SWAP,30m,4H,0.001,0.01,0.015,300.0,7875.0,2525.0,4250,2922,1328,68.753,22.772,1.238,103.625,4388
SOL-USDT-SWAP,30m,4H,0.001,0.01,0.02,300.0,10560.0,3420.0,4250,3203,1047,75.365,19.5,1.311,140.356,4388
SOL-USDT-SWAP,30m,4H,0.001,0.015,0.005,300.0,0,-100.0,531,149,382,28.06,101.657,0.91,-4.104,4388
SOL-USDT-SWAP,30m,4H,0.001,0.015,0.008,300.0,1333.5,344.5,4250,1693,2557,39.835,54.735,1.03,14.138,4388
SOL-USDT-SWAP,30m,4H,0.001,0.015,0.01,300.0,1875.0,525.0,4250,1912,2338,44.988,41.024,1.041,21.546,4388
SOL-USDT-SWAP,30m,4H,0.001,0.015,0.015,300.0,3799.829,1166.61,4250,2344,1906,55.153,31.734,1.077,47.877,4388
SOL-USDT-SWAP,30m,4H,0.001,0.015,0.02,300.0,6784.829,2161.61,4250,2673,1577,62.894,27.237,1.131,88.712,4388
SOL-USDT-SWAP,30m,4H,0.001,0.02,0.005,300.0,0,-100.0,292,62,230,21.233,101.0,0.854,-4.104,4388
SOL-USDT-SWAP,30m,4H,0.001,0.02,0.008,300.0,0,-100.0,452,138,314,30.531,101.026,0.928,-4.104,4388
SOL-USDT-SWAP,30m,4H,0.001,0.02,0.01,300.0,0,-100.0,1243,449,794,36.122,100.52,0.977,-4.104,4388
SOL-USDT-SWAP,30m,4H,0.001,0.02,0.015,300.0,0,-100.0,1339,606,733,45.258,101.802,0.982,-4.104,4388
SOL-USDT-SWAP,30m,4H,0.001,0.02,0.02,300.0,0,-100.0,1783,931,852,52.215,100.277,0.989,-4.104,4388
SOL-USDT-SWAP,30m,4H,0.001,0.03,0.005,300.0,0,-100.0,57,4,53,7.018,101.0,0.365,-4.104,4388
SOL-USDT-SWAP,30m,4H,0.001,0.03,0.008,300.0,0,-100.0,436,98,338,22.477,100.0,0.934,-4.104,4388
SOL-USDT-SWAP,30m,4H,0.001,0.03,0.01,300.0,0,-100.0,691,185,506,26.773,100.142,0.964,-4.104,4388
SOL-USDT-SWAP,30m,4H,0.001,0.03,0.015,300.0,0,-100.0,58,16,42,27.586,102.524,0.69,-4.104,4388
SOL-USDT-SWAP,30m,4H,0.001,0.03,0.02,300.0,0,-100.0,67,24,43,35.821,101.733,0.771,-4.104,4388
SOL-USDT-SWAP,30m,4H,0.0015,0.006,0.005,300.0,1692.0,464.0,4249,2402,1847,56.531,34.953,1.084,19.042,4388
SOL-USDT-SWAP,30m,4H,0.0015,0.006,0.008,300.0,5119.5,1606.5,4249,2961,1288,69.687,16.667,1.277,65.93,4388
SOL-USDT-SWAP,30m,4H,0.0015,0.006,0.01,300.0,7015.5,2238.5,4249,3201,1048,75.335,12.121,1.388,91.867,4388
SOL-USDT-SWAP,30m,4H,0.0015,0.006,0.015,300.0,10369.5,3356.5,4249,3557,692,83.714,14.179,1.606,137.75,4388
SOL-USDT-SWAP,30m,4H,0.0015,0.006,0.02,300.0,12979.5,4226.5,4249,3757,492,88.421,10.875,1.818,173.454,4388
SOL-USDT-SWAP,30m,4H,0.0015,0.008,0.005,300.0,2794.5,831.5,4249,2089,2160,49.165,26.357,1.128,34.124,4388
SOL-USDT-SWAP,30m,4H,0.0015,0.008,0.008,300.0,5770.5,1823.5,4249,2618,1631,61.614,23.654,1.248,74.836,4388
SOL-USDT-SWAP,30m,4H,0.0015,0.008,0.01,300.0,7357.5,2352.5,4249,2858,1391,67.263,14.918,1.307,96.546,4388
SOL-USDT-SWAP,30m,4H,0.0015,0.008,0.015,300.0,10311.0,3337.0,4249,3246,1003,76.394,19.34,1.416,136.949,4388
SOL-USDT-SWAP,30m,4H,0.0015,0.008,0.02,300.0,12868.5,4189.5,4249,3486,763,82.043,13.527,1.523,171.936,4388
SOL-USDT-SWAP,30m,4H,0.0015,0.01,0.005,300.0,2109.0,603.0,4249,1780,2469,41.892,44.536,1.081,24.747,4388
SOL-USDT-SWAP,30m,4H,0.0015,0.01,0.008,300.0,4822.5,1507.5,4249,2292,1957,53.942,30.988,1.171,61.867,4388
SOL-USDT-SWAP,30m,4H,0.0015,0.01,0.01,300.0,6001.5,1900.5,4249,2527,1722,59.473,20.5,1.201,77.996,4388
SOL-USDT-SWAP,30m,4H,0.0015,0.01,0.015,300.0,8836.5,2845.5,4249,2947,1302,69.357,22.772,1.273,116.778,4388
SOL-USDT-SWAP,30m,4H,0.0015,0.01,0.02,300.0,12076.5,3925.5,4249,3236,1013,76.159,19.5,1.369,161.101,4388
SOL-USDT-SWAP,30m,4H,0.0015,0.015,0.005,300.0,0,-100.0,2594,768,1826,29.607,100.889,0.981,-4.104,4388
SOL-USDT-SWAP,30m,4H,0.0015,0.015,0.008,300.0,2140.5,613.5,4249,1716,2533,40.386,44.624,1.054,25.178,4388
SOL-USDT-SWAP,30m,4H,0.0015,0.015,0.01,300.0,2379.0,693.0,4249,1925,2324,45.305,33.355,1.054,28.44,4388
SOL-USDT-SWAP,30m,4H,0.0015,0.015,0.015,300.0,4454.579,1384.86,4249,2358,1891,55.495,29.861,1.092,56.834,4388
SOL-USDT-SWAP,30m,4H,0.0015,0.015,0.02,300.0,7552.079,2417.36,4249,2687,1562,63.238,27.963,1.147,99.208,4388
SOL-USDT-SWAP,30m,4H,0.0015,0.02,0.005,300.0,0,-100.0,426,94,332,22.066,102.182,0.897,-4.104,4388
SOL-USDT-SWAP,30m,4H,0.0015,0.02,0.008,300.0,0,-100.0,461,141,320,30.586,100.211,0.93,-4.104,4388
SOL-USDT-SWAP,30m,4H,0.0015,0.02,0.01,300.0,0,-100.0,1374,497,877,36.172,100.628,0.979,-4.104,4388
SOL-USDT-SWAP,30m,4H,0.0015,0.02,0.015,300.0,0,-100.0,1374,622,752,45.269,101.887,0.982,-4.104,4388
SOL-USDT-SWAP,30m,4H,0.0015,0.02,0.02,300.0,0,-100.0,2425,1268,1157,52.289,100.427,0.992,-4.104,4388
SOL-USDT-SWAP,30m,4H,0.0015,0.03,0.005,300.0,0,-100.0,63,5,58,7.937,101.5,0.417,-4.104,4388
SOL-USDT-SWAP,30m,4H,0.0015,0.03,0.008,300.0,0,-100.0,445,100,345,22.472,101.232,0.934,-4.104,4388
SOL-USDT-SWAP,30m,4H,0.0015,0.03,0.01,300.0,0,-100.0,699,187,512,26.753,101.208,0.963,-4.104,4388
SOL-USDT-SWAP,30m,4H,0.0015,0.03,0.015,300.0,0,-100.0,58,16,42,27.586,102.524,0.69,-4.104,4388
SOL-USDT-SWAP,30m,4H,0.0015,0.03,0.02,300.0,0,-100.0,698,289,409,41.404,100.643,0.976,-4.104,4388
SOL-USDT-SWAP,30m,4H,0.002,0.006,0.005,300.0,1818.0,506.0,4246,2408,1838,56.712,29.767,1.092,20.766,4388
SOL-USDT-SWAP,30m,4H,0.002,0.006,0.008,300.0,5181.0,1627.0,4246,2962,1284,69.76,15.261,1.282,66.772,4388
SOL-USDT-SWAP,30m,4H,0.002,0.006,0.01,300.0,7425.0,2375.0,4246,3216,1030,75.742,12.977,1.419,97.469,4388
SOL-USDT-SWAP,30m,4H,0.002,0.006,0.015,300.0,10914.0,3538.0,4246,3572,674,84.126,20.149,1.656,145.198,4388
SOL-USDT-SWAP,30m,4H,0.002,0.006,0.02,300.0,13386.0,4362.0,4246,3765,481,88.672,14.145,1.864,179.015,4388
SOL-USDT-SWAP,30m,4H,0.002,0.008,0.005,300.0,3250.5,983.5,4246,2111,2135,49.717,22.381,1.154,40.363,4388
SOL-USDT-SWAP,30m,4H,0.002,0.008,0.008,300.0,6411.0,2037.0,4246,2643,1603,62.247,16.504,1.282,83.598,4388
SOL-USDT-SWAP,30m,4H,0.002,0.008,0.01,300.0,8325.0,2675.0,4246,2892,1354,68.111,12.36,1.359,109.781,4388
SOL-USDT-SWAP,30m,4H,0.002,0.008,0.015,300.0,11694.0,3798.0,4246,3284,962,77.343,19.34,1.494,155.869,4388
SOL-USDT-SWAP,30m,4H,0.002,0.008,0.02,300.0,14475.0,4725.0,4246,3522,724,82.949,14.094,1.622,193.912,4388
SOL-USDT-SWAP,30m,4H,0.002,0.01,0.005,300.0,2631.0,777.0,4246,1802,2444,42.44,30.695,1.106,31.888,4388
SOL-USDT-SWAP,30m,4H,0.002,0.01,0.008,300.0,5511.0,1737.0,4246,2316,1930,54.545,23.108,1.2,71.286,4388
SOL-USDT-SWAP,30m,4H,0.002,0.01,0.01,300.0,6801.0,2167.0,4246,2552,1694,60.104,15.707,1.233,88.933,4388
SOL-USDT-SWAP,30m,4H,0.002,0.01,0.015,300.0,9808.5,3169.5,4246,2971,1275,69.972,22.772,1.311,130.075,4388
SOL-USDT-SWAP,30m,4H,0.002,0.01,0.02,300.0,12531.0,4077.0,4246,3244,1002,76.401,19.5,1.388,167.319,4388
SOL-USDT-SWAP,30m,4H,0.002,0.015,0.005,300.0,0,-100.0,3954,1176,2778,29.742,100.613,0.988,-4.104,4388
SOL-USDT-SWAP,30m,4H,0.002,0.015,0.008,300.0,2112.0,604.0,4246,1714,2532,40.367,38.621,1.053,24.788,4388
SOL-USDT-SWAP,30m,4H,0.002,0.015,0.01,300.0,2766.0,822.0,4246,1934,2312,45.549,35.287,1.065,33.735,4388
SOL-USDT-SWAP,30m,4H,0.002,0.015,0.015,300.0,4977.329,1559.11,4246,2368,1878,55.77,44.516,1.104,63.985,4388
SOL-USDT-SWAP,30m,4H,0.002,0.015,0.02,300.0,7804.829,2501.61,4246,2690,1556,63.354,31.266,1.153,102.665,4388
SOL-USDT-SWAP,30m,4H,0.002,0.02,0.005,300.0,0,-100.0,509,114,395,22.397,101.242,0.914,-4.104,4388
SOL-USDT-SWAP,30m,4H,0.002,0.02,0.008,300.0,0,-100.0,2393,762,1631,31.843,100.176,0.986,-4.104,4388
SOL-USDT-SWAP,30m,4H,0.002,0.02,0.01,300.0,0,-100.0,2370,862,1508,36.371,101.529,0.987,-4.104,4388
SOL-USDT-SWAP,30m,4H,0.002,0.02,0.015,300.0,0,-100.0,2465,1121,1344,45.477,100.5,0.99,-4.104,4388
SOL-USDT-SWAP,30m,4H,0.002,0.02,0.02,300.0,1759.829,486.61,4246,2253,1993,53.062,99.032,1.023,19.97,4388
SOL-USDT-SWAP,30m,4H,0.002,0.03,0.005,300.0,0,-100.0,75,7,68,9.333,102.242,0.498,-4.104,4388
SOL-USDT-SWAP,30m,4H,0.002,0.03,0.008,300.0,0,-100.0,73,12,61,16.438,100.364,0.634,-4.104,4388
SOL-USDT-SWAP,30m,4H,0.002,0.03,0.01,300.0,0,-100.0,695,186,509,26.763,100.637,0.963,-4.104,4388
SOL-USDT-SWAP,30m,4H,0.002,0.03,0.015,300.0,0,-100.0,55,15,40,27.273,101.577,0.68,-4.104,4388
SOL-USDT-SWAP,30m,4H,0.002,0.03,0.02,300.0,0,-100.0,701,290,411,41.369,101.622,0.974,-4.104,4388
SOL-USDT-SWAP,30m,4H,0.0025,0.006,0.005,300.0,1170.0,290.0,4241,2366,1875,55.789,43.007,1.052,11.902,4388
SOL-USDT-SWAP,30m,4H,0.0025,0.006,0.008,300.0,5143.5,1614.5,4241,2957,1284,69.724,16.551,1.279,66.259,4388
SOL-USDT-SWAP,30m,4H,0.0025,0.006,0.01,300.0,7243.5,2314.5,4241,3205,1036,75.572,13.821,1.406,94.986,4388
SOL-USDT-SWAP,30m,4H,0.0025,0.006,0.015,300.0,10971.0,3557.0,4241,3570,671,84.178,19.111,1.663,145.978,4388
SOL-USDT-SWAP,30m,4H,0.0025,0.006,0.02,300.0,13153.5,4284.5,4241,3755,486,88.54,14.222,1.84,175.834,4388
SOL-USDT-SWAP,30m,4H,0.0025,0.008,0.005,300.0,2944.5,881.5,4241,2093,2148,49.352,21.352,1.137,36.176,4388
SOL-USDT-SWAP,30m,4H,0.0025,0.008,0.008,300.0,6694.5,2131.5,4241,2652,1589,62.532,12.894,1.298,87.476,4388
SOL-USDT-SWAP,30m,4H,0.0025,0.008,0.01,300.0,8488.5,2729.5,4241,2895,1346,68.262,11.834,1.369,112.018,4388
SOL-USDT-SWAP,30m,4H,0.0025,0.008,0.015,300.0,11883.0,3861.0,4241,3286,955,77.482,17.544,1.505,158.454,4388
SOL-USDT-SWAP,30m,4H,0.0025,0.008,0.02,300.0,14716.5,4805.5,4241,3524,717,83.094,12.883,1.638,197.216,4388
SOL-USDT-SWAP,30m,4H,0.0025,0.01,0.005,300.0,2406.0,702.0,4241,1790,2451,42.207,24.548,1.095,28.81,4388
SOL-USDT-SWAP,30m,4H,0.0025,0.01,0.008,300.0,5875.5,1858.5,4241,2327,1914,54.869,17.397,1.216,76.272,4388
SOL-USDT-SWAP,30m,4H,0.0025,0.01,0.01,300.0,7093.5,2264.5,4241,2559,1682,60.34,18.053,1.245,92.934,4388
SOL-USDT-SWAP,30m,4H,0.0025,0.01,0.015,300.0,10041.0,3247.0,4241,2974,1267,70.125,22.772,1.32,133.256,4388
SOL-USDT-SWAP,30m,4H,0.0025,0.01,0.02,300.0,12778.5,4159.5,4241,3246,995,76.539,19.5,1.398,170.705,4388
SOL-USDT-SWAP,30m,4H,0.0025,0.015,0.005,300.0,0,-100.0,3807,1132,2675,29.735,100.405,0.987,-4.104,4388
SOL-USDT-SWAP,30m,4H,0.0025,0.015,0.008,300.0,2317.5,672.5,4241,1718,2523,40.509,31.924,1.059,27.599,4388
SOL-USDT-SWAP,30m,4H,0.0025,0.015,0.01,300.0,2961.0,887.0,4241,1937,2304,45.673,37.484,1.07,36.402,4388
SOL-USDT-SWAP,30m,4H,0.0025,0.015,0.015,300.0,5458.081,1719.36,4241,2376,1865,56.025,28.387,1.115,70.562,4388
SOL-USDT-SWAP,30m,4H,0.0025,0.015,0.02,300.0,8015.581,2571.86,4241,2691,1550,63.452,27.053,1.158,105.548,4388
SOL-USDT-SWAP,30m,4H,0.0025,0.02,0.005,300.0,0,-100.0,705,161,544,22.837,101.437,0.937,-4.104,4388
SOL-USDT-SWAP,30m,4H,0.0025,0.02,0.008,300.0,0,-100.0,2418,770,1648,31.844,100.263,0.986,-4.104,4388
SOL-USDT-SWAP,30m,4H,0.0025,0.02,0.01,300.0,0,-100.0,2394,871,1523,36.383,100.641,0.988,-4.104,4388
SOL-USDT-SWAP,30m,4H,0.0025,0.02,0.015,300.0,0,-100.0,2463,1120,1343,45.473,100.748,0.99,-4.104,4388
SOL-USDT-SWAP,30m,4H,0.0025,0.02,0.02,300.0,2458.081,719.36,4241,2262,1979,53.336,87.186,1.035,29.522,4388
SOL-USDT-SWAP,30m,4H,0.0025,0.03,0.005,300.0,0,-100.0,110,13,97,11.818,102.242,0.648,-4.104,4388
SOL-USDT-SWAP,30m,4H,0.0025,0.03,0.008,300.0,0,-100.0,702,161,541,22.934,100.0,0.959,-4.104,4388
SOL-USDT-SWAP,30m,4H,0.0025,0.03,0.01,300.0,0,-100.0,673,180,493,26.746,100.459,0.963,-4.104,4388
SOL-USDT-SWAP,30m,4H,0.0025,0.03,0.015,300.0,0,-100.0,66,19,47,28.788,100.315,0.733,-4.104,4388
SOL-USDT-SWAP,30m,4H,0.0025,0.03,0.02,300.0,0,-100.0,1031,429,602,41.61,100.067,0.984,-4.104,4388
SOL-USDT-SWAP,30m,4H,0.003,0.006,0.005,300.0,1698.0,466.0,4241,2398,1843,56.543,40.426,1.084,19.124,4388
SOL-USDT-SWAP,30m,4H,0.003,0.006,0.008,300.0,5689.5,1796.5,4241,2983,1258,70.337,14.755,1.317,73.728,4388
SOL-USDT-SWAP,30m,4H,0.003,0.006,0.01,300.0,7771.5,2490.5,4241,3227,1014,76.091,15.328,1.447,102.209,4388
SOL-USDT-SWAP,30m,4H,0.003,0.006,0.015,300.0,11916.0,3872.0,4241,3600,641,84.886,19.111,1.755,158.906,4388
SOL-USDT-SWAP,30m,4H,0.003,0.006,0.02,300.0,13894.5,4531.5,4241,3774,467,88.988,14.222,1.924,185.971,4388
SOL-USDT-SWAP,30m,4H,0.003,0.008,0.005,300.0,3412.5,1037.5,4241,2117,2124,49.917,29.412,1.163,42.579,4388
SOL-USDT-SWAP,30m,4H,0.003,0.008,0.008,300.0,7222.5,2307.5,4241,2674,1567,63.051,13.569,1.327,94.699,4388
SOL-USDT-SWAP,30m,4H,0.003,0.008,0.01,300.0,9190.5,2963.5,4241,2921,1320,68.875,12.414,1.408,121.621,4388
SOL-USDT-SWAP,30m,4H,0.003,0.008,0.015,300.0,12952.5,4217.5,4241,3317,924,78.213,17.544,1.571,173.085,4388
SOL-USDT-SWAP,30m,4H,0.003,0.008,0.02,300.0,15094.5,4931.5,4241,3533,708,83.306,12.883,1.663,202.387,4388
SOL-USDT-SWAP,30m,4H,0.003,0.01,0.005,300.0,3036.0,912.0,4241,1818,2423,42.867,25.862,1.125,37.428,4388
SOL-USDT-SWAP,30m,4H,0.003,0.01,0.008,300.0,6226.5,1975.5,4241,2340,1901,55.176,14.096,1.231,81.074,4388
SOL-USDT-SWAP,30m,4H,0.003,0.01,0.01,300.0,7723.5,2474.5,4241,2580,1661,60.835,16.272,1.271,101.553,4388
SOL-USDT-SWAP,30m,4H,0.003,0.01,0.015,300.0,10603.5,3434.5,4241,2989,1252,70.479,17.727,1.343,140.951,4388
SOL-USDT-SWAP,30m,4H,0.003,0.01,0.02,300.0,12733.5,4144.5,4241,3245,996,76.515,12.209,1.396,170.089,4388
SOL-USDT-SWAP,30m,4H,0.003,0.015,0.005,300.0,231.0,-23.0,4241,1270,2971,29.946,81.649,0.997,-0.944,4388
SOL-USDT-SWAP,30m,4H,0.003,0.015,0.008,300.0,2559.0,753.0,4241,1725,2516,40.674,29.927,1.067,30.903,4388
SOL-USDT-SWAP,30m,4H,0.003,0.015,0.01,300.0,3313.833,1004.611,4241,1946,2295,45.885,30.246,1.08,41.229,4388
SOL-USDT-SWAP,30m,4H,0.003,0.015,0.015,300.0,6043.833,1914.611,4241,2389,1852,56.331,25.882,1.129,78.575,4388
SOL-USDT-SWAP,30m,4H,0.003,0.015,0.02,300.0,8226.333,2642.111,4241,2695,1546,63.546,27.053,1.163,108.431,4388
SOL-USDT-SWAP,30m,4H,0.003,0.02,0.005,300.0,0,-100.0,513,115,398,22.417,101.007,0.915,-4.104,4388
SOL-USDT-SWAP,30m,4H,0.003,0.02,0.008,300.0,0,-100.0,2412,768,1644,31.841,100.514,0.986,-4.104,4388
SOL-USDT-SWAP,30m,4H,0.003,0.02,0.01,300.0,0,-100.0,2408,876,1532,36.379,100.995,0.988,-4.104,4388
SOL-USDT-SWAP,30m,4H,0.003,0.02,0.015,300.0,0,-100.0,2430,1105,1325,45.473,100.48,0.99,-4.104,4388
SOL-USDT-SWAP,30m,4H,0.003,0.02,0.02,300.0,2458.833,719.611,4241,2262,1979,53.336,89.196,1.035,29.533,4388
SOL-USDT-SWAP,30m,4H,0.003,0.03,0.005,300.0,0,-100.0,75,7,68,9.333,102.242,0.498,-4.104,4388
SOL-USDT-SWAP,30m,4H,0.003,0.03,0.008,300.0,0,-100.0,1568,366,1202,23.342,100.476,0.981,-4.104,4388
SOL-USDT-SWAP,30m,4H,0.003,0.03,0.01,300.0,0,-100.0,717,192,525,26.778,100.82,0.964,-4.104,4388
SOL-USDT-SWAP,30m,4H,0.003,0.03,0.015,300.0,0,-100.0,66,19,47,28.788,100.315,0.733,-4.104,4388
SOL-USDT-SWAP,30m,4H,0.003,0.03,0.02,300.0,0,-100.0,1034,430,604,41.586,100.978,0.983,-4.104,4388
SOL-USDT-SWAP,30m,4H,0.004,0.006,0.005,300.0,1263.0,321.0,4227,2364,1863,55.926,30.94,1.057,13.174,4388
SOL-USDT-SWAP,30m,4H,0.004,0.006,0.008,300.0,5710.5,1803.5,4227,2975,1252,70.381,17.647,1.32,74.015,4388
SOL-USDT-SWAP,30m,4H,0.004,0.006,0.01,300.0,7906.5,2535.5,4227,3223,1004,76.248,15.6,1.459,104.056,4388
SOL-USDT-SWAP,30m,4H,0.004,0.006,0.015,300.0,11527.5,3742.5,4227,3577,650,84.623,19.111,1.72,153.591,4388
SOL-USDT-SWAP,30m,4H,0.004,0.006,0.02,300.0,13672.5,4457.5,4227,3757,470,88.881,14.222,1.903,182.934,4388
SOL-USDT-SWAP,30m,4H,0.004,0.008,0.005,300.0,3070.5,923.5,4227,2093,2134,49.515,20.988,1.144,37.9,4388
SOL-USDT-SWAP,30m,4H,0.004,0.008,0.008,300.0,7315.5,2338.5,4227,2670,1557,63.165,14.729,1.334,95.971,4388
SOL-USDT-SWAP,30m,4H,0.004,0.008,0.01,300.0,9448.5,3049.5,4227,2922,1305,69.127,18.561,1.425,125.15,4388
SOL-USDT-SWAP,30m,4H,0.004,0.008,0.015,300.0,12874.5,4191.5,4227,3305,922,78.188,32.061,1.568,172.018,4388
SOL-USDT-SWAP,30m,4H,0.004,0.008,0.02,300.0,15577.5,5092.5,4227,3534,693,83.605,17.69,1.7,208.995,4388
SOL-USDT-SWAP,30m,4H,0.004,0.01,0.005,300.0,3229.5,976.5,4227,1821,2406,43.08,37.168,1.135,40.075,4388
SOL-USDT-SWAP,30m,4H,0.004,0.01,0.008,300.0,6631.5,2110.5,4227,2348,1879,55.548,15.811,1.25,86.614,4388
SOL-USDT-SWAP,30m,4H,0.004,0.01,0.01,300.0,8404.5,2701.5,4227,2595,1632,61.391,15.436,1.301,110.869,4388
SOL-USDT-SWAP,30m,4H,0.004,0.01,0.015,300.0,11502.0,3734.0,4227,3004,1223,71.067,25.503,1.382,153.242,4388
SOL-USDT-SWAP,30m,4H,0.004,0.01,0.02,300.0,14389.5,4696.5,4227,3272,955,77.407,14.196,1.468,192.743,4388
SOL-USDT-SWAP,30m,4H,0.004,0.015,0.005,300.0,537.0,79.0,4227,1276,2951,30.187,72.006,1.009,3.242,4388
SOL-USDT-SWAP,30m,4H,0.004,0.015,0.008,300.0,2127.0,609.0,4227,1707,2520,40.383,39.508,1.054,24.993,4388
SOL-USDT-SWAP,30m,4H,0.004,0.015,0.01,300.0,3492.0,1064.0,4227,1945,2282,46.014,28.377,1.085,43.666,4388
SOL-USDT-SWAP,30m,4H,0.004,0.015,0.015,300.0,6672.0,2124.0,4227,2396,1831,56.683,35.57,1.145,87.168,4388
SOL-USDT-SWAP,30m,4H,0.004,0.015,0.02,300.0,8689.5,2796.5,4227,2696,1531,63.78,43.961,1.174,114.767,4388
SOL-USDT-SWAP,30m,4H,0.004,0.02,0.005,300.0,0,-100.0,1734,408,1326,23.529,100.939,0.974,-4.104,4388
SOL-USDT-SWAP,30m,4H,0.004,0.02,0.008,300.0,0,-100.0,2403,765,1638,31.835,101.051,0.986,-4.104,4388
SOL-USDT-SWAP,30m,4H,0.004,0.02,0.01,300.0,0,-100.0,1344,486,858,36.161,100.578,0.978,-4.104,4388
SOL-USDT-SWAP,30m,4H,0.004,0.02,0.015,300.0,0,-100.0,2463,1120,1343,45.473,100.748,0.99,-4.104,4388
SOL-USDT-SWAP,30m,4H,0.004,0.02,0.02,300.0,0,-100.0,2646,1384,1262,52.305,100.355,0.992,-4.104,4388
SOL-USDT-SWAP,30m,4H,0.004,0.03,0.005,300.0,0,-100.0,314,48,266,15.287,101.527,0.872,-4.104,4388
SOL-USDT-SWAP,30m,4H,0.004,0.03,0.008,300.0,0,-100.0,572,130,442,22.727,101.739,0.948,-4.104,4388
SOL-USDT-SWAP,30m,4H,0.004,0.03,0.01,300.0,0,-100.0,73,15,58,20.548,100.923,0.682,-4.104,4388
SOL-USDT-SWAP,30m,4H,0.004,0.03,0.015,300.0,0,-100.0,58,16,42,27.586,102.332,0.69,-4.104,4388
SOL-USDT-SWAP,30m,4H,0.004,0.03,0.02,300.0,0,-100.0,74,27,47,36.486,100.881,0.793,-4.104,4388
SOL-USDT-SWAP,30m,4H,0.005,0.006,0.005,300.0,1383.0,361.0,4221,2368,1853,56.1,42.857,1.065,14.815,4388
SOL-USDT-SWAP,30m,4H,0.005,0.006,0.008,300.0,5596.848,1765.616,4221,2966,1255,70.268,17.647,1.313,72.46,4388
SOL-USDT-SWAP,30m,4H,0.005,0.006,0.01,300.0,8071.848,2590.616,4221,3226,995,76.427,18.023,1.473,106.318,4388
SOL-USDT-SWAP,30m,4H,0.005,0.006,0.015,300.0,11382.348,3694.116,4221,3568,653,84.53,9.778,1.707,151.605,4388
SOL-USDT-SWAP,30m,4H,0.005,0.006,0.02,300.0,13582.848,4427.616,4221,3750,471,88.842,8.75,1.895,181.708,4388
SOL-USDT-SWAP,30m,4H,0.005,0.008,0.005,300.0,3007.5,902.5,4221,2087,2134,49.443,30.078,1.141,37.038,4388
SOL-USDT-SWAP,30m,4H,0.005,0.008,0.008,300.0,7243.848,2314.616,4221,2664,1557,63.113,16.499,1.33,94.991,4388
SOL-USDT-SWAP,30m,4H,0.005,0.008,0.01,300.0,9592.848,3097.616,4221,2924,1297,69.273,14.149,1.434,127.125,4388
SOL-USDT-SWAP,30m,4H,0.005,0.008,0.015,300.0,13044.348,4248.116,4221,3306,915,78.323,11.039,1.58,174.341,4388
SOL-USDT-SWAP,30m,4H,0.005,0.008,0.02,300.0,15211.848,4970.616,4221,3521,700,83.416,11.915,1.676,203.992,4388
SOL-USDT-SWAP,30m,4H,0.005,0.01,0.005,300.0,2946.0,882.0,4221,1806,2415,42.786,36.803,1.122,36.197,4388
SOL-USDT-SWAP,30m,4H,0.005,0.01,0.008,300.0,6727.848,2142.616,4221,2349,1872,55.65,18.064,1.254,87.932,4388
SOL-USDT-SWAP,30m,4H,0.005,0.01,0.01,300.0,8851.848,2850.616,4221,2607,1614,61.763,24.292,1.321,116.988,4388
SOL-USDT-SWAP,30m,4H,0.005,0.01,0.015,300.0,12234.348,3978.116,4221,3020,1201,71.547,23.529,1.414,163.261,4388
SOL-USDT-SWAP,30m,4H,0.005,0.01,0.02,300.0,14566.848,4755.616,4221,3272,949,77.517,12.209,1.477,195.169,4388
SOL-USDT-SWAP,30m,4H,0.005,0.015,0.005,300.0,231.0,-23.0,4221,1264,2957,29.946,91.075,0.997,-0.944,4388
SOL-USDT-SWAP,30m,4H,0.005,0.015,0.008,300.0,1878.348,526.116,4221,1698,2523,40.227,43.343,1.046,21.592,4388
SOL-USDT-SWAP,30m,4H,0.005,0.015,0.01,300.0,3871.848,1190.616,4221,1953,2268,46.269,27.411,1.095,48.862,4388
SOL-USDT-SWAP,30m,4H,0.005,0.015,0.015,300.0,7606.848,2435.616,4221,2414,1807,57.19,25.698,1.168,99.957,4388
SOL-USDT-SWAP,30m,4H,0.005,0.015,0.02,300.0,9751.848,3150.616,4221,2713,1508,64.274,27.053,1.199,129.3,4388
SOL-USDT-SWAP,30m,4H,0.005,0.02,0.005,300.0,0,-100.0,1742,410,1332,23.536,100.303,0.975,-4.104,4388
SOL-USDT-SWAP,30m,4H,0.005,0.02,0.008,300.0,0,-100.0,1556,493,1063,31.684,100.0,0.979,-4.104,4388
SOL-USDT-SWAP,30m,4H,0.005,0.02,0.01,300.0,0,-100.0,1742,632,1110,36.28,100.196,0.983,-4.104,4388
SOL-USDT-SWAP,30m,4H,0.005,0.02,0.015,300.0,0,-100.0,2463,1120,1343,45.473,100.583,0.99,-4.104,4388
SOL-USDT-SWAP,30m,4H,0.005,0.02,0.02,300.0,2491.848,730.616,4221,2253,1968,53.376,99.371,1.035,29.984,4388
SOL-USDT-SWAP,30m,4H,0.005,0.03,0.005,300.0,0,-100.0,501,80,421,15.968,101.613,0.918,-4.104,4388
SOL-USDT-SWAP,30m,4H,0.005,0.03,0.008,300.0,0,-100.0,660,151,509,22.879,100.308,0.956,-4.104,4388
SOL-USDT-SWAP,30m,4H,0.005,0.03,0.01,300.0,0,-100.0,721,193,528,26.768,101.389,0.964,-4.104,4388
SOL-USDT-SWAP,30m,4H,0.005,0.03,0.015,300.0,0,-100.0,75,22,53,29.333,102.577,0.752,-4.104,4388
SOL-USDT-SWAP,30m,4H,0.005,0.03,0.02,300.0,0,-100.0,155,61,94,39.355,100.992,0.896,-4.104,4388
SOL-USDT-SWAP,1H,6H,0.001,0.006,0.005,300.0,0,-100.0,171,75,96,43.86,100.476,0.651,-4.093,2934
SOL-USDT-SWAP,1H,6H,0.001,0.006,0.008,300.0,1629.0,443.0,2826,1880,946,66.525,86.042,1.104,18.131,2934
SOL-USDT-SWAP,1H,6H,0.001,0.006,0.01,300.0,3375.0,1025.0,2826,2071,755,73.284,37.513,1.247,41.951,2934
SOL-USDT-SWAP,1H,6H,0.001,0.006,0.015,300.0,6154.5,1951.5,2826,2339,487,82.767,19.896,1.501,79.87,2934
SOL-USDT-SWAP,1H,6H,0.001,0.006,0.02,300.0,8898.0,2866.0,2826,2503,323,88.57,11.449,1.845,117.299,2934
SOL-USDT-SWAP,1H,6H,0.001,0.008,0.005,300.0,0,-100.0,1000,446,554,44.6,100.749,0.939,-4.093,2934
SOL-USDT-SWAP,1H,6H,0.001,0.008,0.008,300.0,3957.0,1219.0,2826,1742,1084,61.642,30.802,1.25,49.891,2934
SOL-USDT-SWAP,1H,6H,0.001,0.008,0.01,300.0,5916.0,1872.0,2826,1935,891,68.471,17.975,1.382,76.617,2934
SOL-USDT-SWAP,1H,6H,0.001,0.008,0.015,300.0,8686.5,2795.5,2826,2209,617,78.167,12.31,1.566,114.413,2934
SOL-USDT-SWAP,1H,6H,0.001,0.008,0.02,300.0,11535.0,3745.0,2826,2387,439,84.466,9.813,1.812,153.274,2934
SOL-USDT-SWAP,1H,6H,0.001,0.01,0.005,300.0,1326.0,342.0,2826,1176,1650,41.614,65.158,1.069,13.997,2934
SOL-USDT-SWAP,1H,6H,0.001,0.01,0.008,300.0,4647.0,1449.0,2826,1574,1252,55.697,29.216,1.257,59.304,2934
SOL-USDT-SWAP,1H,6H,0.001,0.01,0.01,300.0,6261.0,1987.0,2826,1753,1073,62.031,20.661,1.337,81.323,2934
SOL-USDT-SWAP,1H,6H,0.001,0.01,0.015,300.0,9201.0,2967.0,2826,2046,780,72.399,15.271,1.475,121.432,2934
SOL-USDT-SWAP,1H,6H,0.001,0.01,0.02,300.0,11496.0,3732.0,2826,2227,599,78.804,14.412,1.593,152.742,2934
SOL-USDT-SWAP,1H,6H,0.001,0.015,0.005,300.0,786.0,162.0,2826,864,1962,30.573,75.63,1.028,6.63,2934
SOL-USDT-SWAP,1H,6H,0.001,0.015,0.008,300.0,3445.5,1048.5,2826,1197,1629,42.357,26.04,1.143,42.913,2934
SOL-USDT-SWAP,1H,6H,0.001,0.015,0.01,300.0,4558.5,1419.5,2826,1357,1469,48.018,20.904,1.176,58.097,2934
SOL-USDT-SWAP,1H,6H,0.001,0.015,0.015,300.0,6366.0,2022.0,2826,1642,1184,58.103,20.569,1.213,82.756,2934
SOL-USDT-SWAP,1H,6H,0.001,0.015,0.02,300.0,8563.5,2754.5,2826,1853,973,65.57,19.858,1.27,112.735,2934
SOL-USDT-SWAP,1H,6H,0.001,0.02,0.005,300.0,0,-100.0,317,68,249,21.451,100.858,0.865,-4.093,2934
SOL-USDT-SWAP,1H,6H,0.001,0.02,0.008,300.0,1713.0,471.0,2826,942,1884,33.333,51.502,1.056,19.277,2934
SOL-USDT-SWAP,1H,6H,0.001,0.02,0.01,300.0,2316.0,672.0,2826,1081,1745,38.252,57.456,1.07,27.503,2934
SOL-USDT-SWAP,1H,6H,0.001,0.02,0.015,300.0,3633.519,1111.173,2826,1355,1471,47.948,35.669,1.094,45.478,2934
SOL-USDT-SWAP,1H,6H,0.001,0.02,0.02,300.0,5568.519,1756.173,2826,1571,1255,55.591,39.314,1.133,71.876,2934
SOL-USDT-SWAP,1H,6H,0.001,0.03,0.005,300.0,0,-100.0,51,3,48,5.882,100.474,0.302,-4.093,2934
SOL-USDT-SWAP,1H,6H,0.001,0.03,0.008,300.0,0,-100.0,318,70,248,22.013,100.575,0.909,-4.093,2934
SOL-USDT-SWAP,1H,6H,0.001,0.03,0.01,300.0,0,-100.0,451,119,332,26.386,100.237,0.945,-4.093,2934
SOL-USDT-SWAP,1H,6H,0.001,0.03,0.015,300.0,0,-100.0,97,30,67,30.928,100.8,0.812,-4.093,2934
SOL-USDT-SWAP,1H,6H,0.001,0.03,0.02,300.0,0,-100.0,453,186,267,41.06,101.94,0.962,-4.093,2934
SOL-USDT-SWAP,1H,6H,0.0015,0.006,0.005,300.0,0,-100.0,578,297,281,51.384,100.476,0.881,-4.093,2934
SOL-USDT-SWAP,1H,6H,0.0015,0.006,0.008,300.0,1860.0,520.0,2826,1891,935,66.914,69.735,1.124,21.282,2934
SOL-USDT-SWAP,1H,6H,0.0015,0.006,0.01,300.0,3615.0,1105.0,2826,2081,745,73.638,30.048,1.27,45.225,2934
SOL-USDT-SWAP,1H,6H,0.0015,0.006,0.015,300.0,6375.0,2025.0,2826,2346,480,83.015,16.99,1.527,82.879,2934
SOL-USDT-SWAP,1H,6H,0.0015,0.006,0.02,300.0,9366.0,3022.0,2826,2515,311,88.995,11.034,1.925,123.683,2934
SOL-USDT-SWAP,1H,6H,0.0015,0.008,0.005,300.0,1327.5,342.5,2826,1357,1469,48.018,70.922,1.078,14.018,2934
SOL-USDT-SWAP,1H,6H,0.0015,0.008,0.008,300.0,4389.0,1363.0,2826,1760,1066,62.279,30.284,1.284,55.784,2934
SOL-USDT-SWAP,1H,6H,0.0015,0.008,0.01,300.0,6699.0,2133.0,2826,1964,862,69.498,13.093,1.45,87.299,2934
SOL-USDT-SWAP,1H,6H,0.0015,0.008,0.015,300.0,9480.0,3060.0,2826,2232,594,78.981,10.143,1.644,125.239,2934
SOL-USDT-SWAP,1H,6H,0.0015,0.008,0.02,300.0,12711.0,4137.0,2826,2415,411,85.456,9.813,1.959,169.318,2934
SOL-USDT-SWAP,1H,6H,0.0015,0.01,0.005,300.0,2451.0,717.0,2826,1226,1600,43.383,35.294,1.149,29.345,2934
SOL-USDT-SWAP,1H,6H,0.0015,0.01,0.008,300.0,5457.0,1719.0,2826,1604,1222,56.759,21.668,1.313,70.355,2934
SOL-USDT-SWAP,1H,6H,0.0015,0.01,0.01,300.0,7461.0,2387.0,2826,1793,1033,63.447,13.768,1.42,97.694,2934
SOL-USDT-SWAP,1H,6H,0.0015,0.01,0.015,300.0,10288.5,3329.5,2826,2075,751,73.425,12.354,1.554,136.269,2934
SOL-USDT-SWAP,1H,6H,0.0015,0.01,0.02,300.0,13431.0,4377.0,2826,2270,556,80.326,11.015,1.75,179.141,2934
SOL-USDT-SWAP,1H,6H,0.0015,0.015,0.005,300.0,1326.0,342.0,2826,882,1944,31.21,48.739,1.059,13.997,2934
SOL-USDT-SWAP,1H,6H,0.0015,0.015,0.008,300.0,3411.0,1037.0,2826,1196,1630,42.321,30.505,1.141,42.442,2934
SOL-USDT-SWAP,1H,6H,0.0015,0.015,0.01,300.0,5383.5,1694.5,2826,1379,1447,48.797,22.179,1.213,69.352,2934
SOL-USDT-SWAP,1H,6H,0.0015,0.015,0.015,300.0,7041.0,2247.0,2826,1657,1169,58.634,16.413,1.24,91.965,2934
SOL-USDT-SWAP,1H,6H,0.0015,0.015,0.02,300.0,9508.5,3069.5,2826,1871,955,66.207,16.063,1.306,125.628,2934
SOL-USDT-SWAP,1H,6H,0.0015,0.02,0.005,300.0,0,-100.0,2751,652,2099,23.7,100.998,0.984,-4.093,2934
SOL-USDT-SWAP,1H,6H,0.0015,0.02,0.008,300.0,1545.0,415.0,2826,938,1888,33.192,57.409,1.049,16.985,2934
SOL-USDT-SWAP,1H,6H,0.0015,0.02,0.01,300.0,3441.0,1047.0,2826,1106,1720,39.137,42.908,1.111,42.851,2934
SOL-USDT-SWAP,1H,6H,0.0015,0.02,0.015,300.0,4526.769,1408.923,2826,1372,1454,48.549,32.915,1.121,57.664,2934
SOL-USDT-SWAP,1H,6H,0.0015,0.02,0.02,300.0,6529.269,2076.423,2826,1587,1239,56.157,30.989,1.16,84.983,2934
SOL-USDT-SWAP,1H,6H,0.0015,0.03,0.005,300.0,0,-100.0,98,11,87,11.224,101.422,0.611,-4.093,2934
SOL-USDT-SWAP,1H,6H,0.0015,0.03,0.008,300.0,0,-100.0,386,86,300,22.28,101.379,0.924,-4.093,2934
SOL-USDT-SWAP,1H,6H,0.0015,0.03,0.01,300.0,0,-100.0,477,126,351,26.415,101.203,0.946,-4.093,2934
SOL-USDT-SWAP,1H,6H,0.0015,0.03,0.015,300.0,0,-100.0,100,31,69,31.0,102.0,0.814,-4.093,2934
SOL-USDT-SWAP,1H,6H,0.0015,0.03,0.02,300.0,0,-100.0,470,193,277,41.064,102.597,0.962,-4.093,2934
SOL-USDT-SWAP,1H,6H,0.002,0.006,0.005,300.0,0,-100.0,835,437,398,52.335,101.21,0.915,-4.093,2934
SOL-USDT-SWAP,1H,6H,0.002,0.006,0.008,300.0,1957.5,552.5,2825,1895,930,67.08,38.784,1.132,22.613,2934
SOL-USDT-SWAP,1H,6H,0.002,0.006,0.01,300.0,3607.5,1102.5,2825,2080,745,73.628,22.873,1.269,45.123,2934
SOL-USDT-SWAP,1H,6H,0.002,0.006,0.015,300.0,6588.0,2096.0,2825,2352,473,83.257,14.502,1.554,85.784,2934
SOL-USDT-SWAP,1H,6H,0.002,0.006,0.02,300.0,9280.5,2993.5,2825,2512,313,88.92,11.449,1.911,122.517,2934
SOL-USDT-SWAP,1H,6H,0.002,0.008,0.005,300.0,1687.5,462.5,2825,1375,1450,48.673,40.311,1.106,18.929,2934
SOL-USDT-SWAP,1H,6H,0.002,0.008,0.008,300.0,4882.5,1527.5,2825,1780,1045,63.009,13.99,1.325,62.517,2934
SOL-USDT-SWAP,1H,6H,0.002,0.008,0.01,300.0,6823.5,2174.5,2825,1968,857,69.664,11.507,1.461,88.997,2934
SOL-USDT-SWAP,1H,6H,0.002,0.008,0.015,300.0,9952.5,3217.5,2825,2245,580,79.469,7.937,1.693,131.685,2934
SOL-USDT-SWAP,1H,6H,0.002,0.008,0.02,300.0,12952.5,4217.5,2825,2420,405,85.664,9.813,1.992,172.613,2934
SOL-USDT-SWAP,1H,6H,0.002,0.01,0.005,300.0,2752.5,817.5,2825,1239,1586,43.858,29.625,1.172,33.458,2934
SOL-USDT-SWAP,1H,6H,0.002,0.01,0.008,300.0,5956.5,1885.5,2825,1622,1203,57.416,15.265,1.348,77.169,2934
SOL-USDT-SWAP,1H,6H,0.002,0.01,0.01,300.0,7867.5,2522.5,2825,1806,1019,63.929,10.483,1.45,103.24,2934
SOL-USDT-SWAP,1H,6H,0.002,0.01,0.015,300.0,10987.5,3562.5,2825,2093,732,74.088,10.052,1.608,145.805,2934
SOL-USDT-SWAP,1H,6H,0.002,0.01,0.02,300.0,14092.5,4597.5,2825,2284,541,80.85,9.633,1.809,188.165,2934
SOL-USDT-SWAP,1H,6H,0.002,0.015,0.005,300.0,2055.0,585.0,2825,906,1919,32.071,32.593,1.102,23.943,2934
SOL-USDT-SWAP,1H,6H,0.002,0.015,0.008,300.0,4183.5,1294.5,2825,1218,1607,43.115,20.455,1.179,52.981,2934
SOL-USDT-SWAP,1H,6H,0.002,0.015,0.01,300.0,6075.0,1925.0,2825,1397,1428,49.451,20.513,1.245,78.786,2934
SOL-USDT-SWAP,1H,6H,0.002,0.015,0.015,300.0,8235.0,2645.0,2825,1683,1142,59.575,14.945,1.29,108.254,2934
SOL-USDT-SWAP,1H,6H,0.002,0.015,0.02,300.0,10432.5,3377.5,2825,1888,937,66.832,14.811,1.343,138.233,2934
SOL-USDT-SWAP,1H,6H,0.002,0.02,0.005,300.0,600.0,100.0,2825,686,2139,24.283,72.76,1.016,4.093,2934
SOL-USDT-SWAP,1H,6H,0.002,0.02,0.008,300.0,1936.5,545.5,2825,947,1878,33.522,58.527,1.065,22.326,2934
SOL-USDT-SWAP,1H,6H,0.002,0.02,0.01,300.0,3547.5,1082.5,2825,1108,1717,39.221,45.656,1.115,44.304,2934
SOL-USDT-SWAP,1H,6H,0.002,0.02,0.015,300.0,5234.019,1644.673,2825,1385,1440,49.027,32.918,1.143,67.313,2934
SOL-USDT-SWAP,1H,6H,0.002,0.02,0.02,300.0,6741.519,2147.173,2825,1590,1235,56.283,37.203,1.166,87.879,2934
SOL-USDT-SWAP,1H,6H,0.002,0.03,0.005,300.0,0,-100.0,477,76,401,15.933,100.517,0.916,-4.093,2934
SOL-USDT-SWAP,1H,6H,0.002,0.03,0.008,300.0,0,-100.0,475,107,368,22.526,101.67,0.937,-4.093,2934
SOL-USDT-SWAP,1H,6H,0.002,0.03,0.01,300.0,0,-100.0,848,228,620,26.887,101.229,0.97,-4.093,2934
SOL-USDT-SWAP,1H,6H,0.002,0.03,0.015,300.0,0,-100.0,471,163,308,34.607,100.124,0.959,-4.093,2934
SOL-USDT-SWAP,1H,6H,0.002,0.03,0.02,300.0,0,-100.0,486,200,286,41.152,100.632,0.966,-4.093,2934
SOL-USDT-SWAP,1H,6H,0.0025,0.006,0.005,300.0,0,-100.0,798,417,381,52.256,100.361,0.912,-4.093,2934
SOL-USDT-SWAP,1H,6H,0.0025,0.006,0.008,300.0,2088.0,596.0,2820,1898,922,67.305,42.576,1.144,24.393,2934
SOL-USDT-SWAP,1H,6H,0.0025,0.006,0.01,300.0,3474.0,1058.0,2820,2071,749,73.44,24.679,1.257,43.302,2934
SOL-USDT-SWAP,1H,6H,0.0025,0.006,0.015,300.0,6991.5,2230.5,2820,2361,459,83.723,13.038,1.607,91.289,2934
SOL-USDT-SWAP,1H,6H,0.0025,0.006,0.02,300.0,9282.0,2994.0,2820,2508,312,88.936,11.034,1.914,122.538,2934
SOL-USDT-SWAP,1H,6H,0.0025,0.008,0.005,300.0,1869.0,523.0,2820,1382,1438,49.007,47.481,1.121,21.405,2934
SOL-USDT-SWAP,1H,6H,0.0025,0.008,0.008,300.0,5190.0,1630.0,2820,1790,1030,63.475,15.963,1.352,66.712,2934
SOL-USDT-SWAP,1H,6H,0.0025,0.008,0.01,300.0,6501.0,2067.0,2820,1953,867,69.255,12.875,1.433,84.598,2934
SOL-USDT-SWAP,1H,6H,0.0025,0.008,0.015,300.0,10003.5,3234.5,2820,2243,577,79.539,8.898,1.701,132.381,2934
SOL-USDT-SWAP,1H,6H,0.0025,0.008,0.02,300.0,12858.0,4186.0,2820,2414,406,85.603,9.813,1.982,171.323,2934
SOL-USDT-SWAP,1H,6H,0.0025,0.01,0.005,300.0,3202.5,967.5,2820,1257,1563,44.574,29.625,1.206,39.598,2934
SOL-USDT-SWAP,1H,6H,0.0025,0.01,0.008,300.0,6537.0,2079.0,2820,1641,1179,58.191,11.159,1.392,85.089,2934
SOL-USDT-SWAP,1H,6H,0.0025,0.01,0.01,300.0,7950.0,2550.0,2820,1806,1014,64.043,10.376,1.457,104.366,2934
SOL-USDT-SWAP,1H,6H,0.0025,0.01,0.015,300.0,11595.0,3765.0,2820,2106,714,74.681,8.477,1.659,154.093,2934
SOL-USDT-SWAP,1H,6H,0.0025,0.01,0.02,300.0,14655.0,4785.0,2820,2293,527,81.312,9.633,1.865,195.839,2934
SOL-USDT-SWAP,1H,6H,0.0025,0.015,0.005,300.0,2310.0,670.0,2820,913,1907,32.376,31.169,1.117,27.422,2934
SOL-USDT-SWAP,1H,6H,0.0025,0.015,0.008,300.0,4734.0,1478.0,2820,1232,1588,43.688,18.719,1.207,60.491,2934
SOL-USDT-SWAP,1H,6H,0.0025,0.015,0.01,300.0,6120.0,1940.0,2820,1396,1424,49.504,19.675,1.248,79.4,2934
SOL-USDT-SWAP,1H,6H,0.0025,0.015,0.015,300.0,8895.0,2865.0,2820,1695,1125,60.106,13.366,1.318,117.258,2934
SOL-USDT-SWAP,1H,6H,0.0025,0.015,0.02,300.0,11010.0,3570.0,2820,1896,924,67.234,13.74,1.368,146.112,2934
SOL-USDT-SWAP,1H,6H,0.0025,0.02,0.005,300.0,495.0,65.0,2820,682,2138,24.184,95.52,1.01,2.66,2934
SOL-USDT-SWAP,1H,6H,0.0025,0.02,0.008,300.0,2172.0,624.0,2820,951,1869,33.723,64.925,1.074,25.539,2934
SOL-USDT-SWAP,1H,6H,0.0025,0.02,0.01,300.0,3135.0,945.0,2820,1097,1723,38.901,62.599,1.1,38.677,2934
SOL-USDT-SWAP,1H,6H,0.0025,0.02,0.015,300.0,4987.271,1562.424,2820,1378,1442,48.865,40.548,1.136,63.946,2934
SOL-USDT-SWAP,1H,6H,0.0025,0.02,0.02,300.0,6119.771,1939.924,2820,1577,1243,55.922,42.768,1.149,79.397,2934
SOL-USDT-SWAP,1H,6H,0.0025,0.03,0.005,300.0,0,-100.0,384,60,324,15.625,101.262,0.895,-4.093,2934
SOL-USDT-SWAP,1H,6H,0.0025,0.03,0.008,300.0,0,-100.0,1150,267,883,23.217,100.693,0.974,-4.093,2934
SOL-USDT-SWAP,1H,6H,0.0025,0.03,0.01,300.0,0,-100.0,1146,310,836,27.051,100.916,0.978,-4.093,2934
SOL-USDT-SWAP,1H,6H,0.0025,0.03,0.015,300.0,0,-100.0,100,31,69,31.0,102.0,0.814,-4.093,2934
SOL-USDT-SWAP,1H,6H,0.0025,0.03,0.02,300.0,0,-100.0,493,203,290,41.176,100.334,0.967,-4.093,2934
SOL-USDT-SWAP,1H,6H,0.003,0.006,0.005,300.0,0,-100.0,848,444,404,52.358,101.205,0.916,-4.093,2934
SOL-USDT-SWAP,1H,6H,0.003,0.006,0.008,300.0,2046.0,582.0,2820,1896,924,67.234,44.404,1.14,23.82,2934
SOL-USDT-SWAP,1H,6H,0.003,0.006,0.01,300.0,3474.0,1058.0,2820,2071,749,73.44,25.322,1.257,43.302,2934
SOL-USDT-SWAP,1H,6H,0.003,0.006,0.015,300.0,6897.0,2199.0,2820,2358,462,83.617,12.714,1.595,90.0,2934
SOL-USDT-SWAP,1H,6H,0.003,0.006,0.02,300.0,8892.0,2864.0,2820,2498,322,88.582,11.034,1.847,117.217,2934
SOL-USDT-SWAP,1H,6H,0.003,0.008,0.005,300.0,1576.5,425.5,2820,1367,1453,48.475,44.018,1.098,17.415,2934
SOL-USDT-SWAP,1H,6H,0.003,0.008,0.008,300.0,5118.0,1606.0,2820,1787,1033,63.369,15.83,1.345,65.73,2934
SOL-USDT-SWAP,1H,6H,0.003,0.008,0.01,300.0,6528.0,2076.0,2820,1954,866,69.291,11.958,1.436,84.966,2934
SOL-USDT-SWAP,1H,6H,0.003,0.008,0.015,300.0,10210.5,3303.5,2820,2249,571,79.752,8.211,1.723,135.205,2934
SOL-USDT-SWAP,1H,6H,0.003,0.008,0.02,300.0,12564.0,4088.0,2820,2407,413,85.355,8.297,1.943,167.312,2934
SOL-USDT-SWAP,1H,6H,0.003,0.01,0.005,300.0,2820.0,840.0,2820,1240,1580,43.972,35.706,1.177,34.379,2934
SOL-USDT-SWAP,1H,6H,0.003,0.01,0.008,300.0,6483.0,2061.0,2820,1639,1181,58.121,15.245,1.388,84.352,2934
SOL-USDT-SWAP,1H,6H,0.003,0.01,0.01,300.0,7950.0,2550.0,2820,1806,1014,64.043,11.279,1.457,104.366,2934
SOL-USDT-SWAP,1H,6H,0.003,0.01,0.015,300.0,11632.5,3777.5,2820,2107,713,74.716,8.357,1.662,154.604,2934
SOL-USDT-SWAP,1H,6H,0.003,0.01,0.02,300.0,14565.0,4755.0,2820,2291,529,81.241,6.97,1.856,194.611,2934
SOL-USDT-SWAP,1H,6H,0.003,0.015,0.005,300.0,2220.0,640.0,2820,910,1910,32.27,27.254,1.112,26.194,2934
SOL-USDT-SWAP,1H,6H,0.003,0.015,0.008,300.0,5217.0,1639.0,2820,1246,1574,44.184,18.761,1.231,67.08,2934
SOL-USDT-SWAP,1H,6H,0.003,0.015,0.01,300.0,6495.0,2065.0,2820,1406,1414,49.858,19.259,1.266,84.516,2934
SOL-USDT-SWAP,1H,6H,0.003,0.015,0.015,300.0,9705.0,3135.0,2820,1713,1107,60.745,11.829,1.354,128.308,2934
SOL-USDT-SWAP,1H,6H,0.003,0.015,0.02,300.0,11745.0,3815.0,2820,1910,910,67.73,12.601,1.399,156.139,2934
SOL-USDT-SWAP,1H,6H,0.003,0.02,0.005,300.0,607.5,102.5,2820,685,2135,24.291,90.668,1.016,4.195,2934
SOL-USDT-SWAP,1H,6H,0.003,0.02,0.008,300.0,2844.0,848.0,2820,967,1853,34.291,46.205,1.102,34.707,2934
SOL-USDT-SWAP,1H,6H,0.003,0.02,0.01,300.0,4050.523,1250.174,2820,1117,1703,39.61,36.987,1.134,51.167,2934
SOL-USDT-SWAP,1H,6H,0.003,0.02,0.015,300.0,5618.023,1772.674,2820,1390,1430,49.291,32.821,1.155,72.551,2934
SOL-USDT-SWAP,1H,6H,0.003,0.02,0.02,300.0,6420.523,2040.174,2820,1582,1238,56.099,31.425,1.157,83.5,2934
SOL-USDT-SWAP,1H,6H,0.003,0.03,0.005,300.0,0,-100.0,320,49,271,15.313,101.754,0.874,-4.093,2934
SOL-USDT-SWAP,1H,6H,0.003,0.03,0.008,300.0,0,-100.0,1158,269,889,23.23,100.0,0.975,-4.093,2934
SOL-USDT-SWAP,1H,6H,0.003,0.03,0.01,300.0,0,-100.0,491,130,361,26.477,100.179,0.949,-4.093,2934
SOL-USDT-SWAP,1H,6H,0.003,0.03,0.015,300.0,0,-100.0,477,165,312,34.591,100.979,0.959,-4.093,2934
SOL-USDT-SWAP,1H,6H,0.003,0.03,0.02,300.0,0,-100.0,486,200,286,41.152,100.707,0.966,-4.093,2934
SOL-USDT-SWAP,1H,6H,0.004,0.006,0.005,300.0,0,-100.0,844,442,402,52.37,100.717,0.916,-4.093,2934
SOL-USDT-SWAP,1H,6H,0.004,0.006,0.008,300.0,1879.5,526.5,2809,1881,928,66.963,47.226,1.126,21.548,2934
SOL-USDT-SWAP,1H,6H,0.004,0.006,0.01,300.0,3343.5,1014.5,2809,2058,751,73.265,26.607,1.246,41.521,2934
SOL-USDT-SWAP,1H,6H,0.004,0.006,0.015,300.0,6625.5,2108.5,2809,2341,468,83.339,12.946,1.563,86.296,2934
SOL-USDT-SWAP,1H,6H,0.004,0.006,0.02,300.0,8770.5,2823.5,2809,2486,323,88.501,11.172,1.833,115.559,2934
SOL-USDT-SWAP,1H,6H,0.004,0.008,0.005,300.0,1480.5,393.5,2809,1357,1452,48.309,33.896,1.09,16.105,2934
SOL-USDT-SWAP,1H,6H,0.004,0.008,0.008,300.0,4834.5,1511.5,2809,1769,1040,62.976,13.976,1.323,61.862,2934
SOL-USDT-SWAP,1H,6H,0.004,0.008,0.01,300.0,6304.5,2001.5,2809,1939,870,69.028,16.117,1.418,81.917,2934
SOL-USDT-SWAP,1H,6H,0.004,0.008,0.015,300.0,9922.5,3207.5,2809,2233,576,79.494,10.734,1.696,131.276,2934
SOL-USDT-SWAP,1H,6H,0.004,0.008,0.02,300.0,12112.5,3937.5,2809,2388,421,85.012,9.906,1.891,161.153,2934
SOL-USDT-SWAP,1H,6H,0.004,0.01,0.005,300.0,2941.5,880.5,2809,1241,1568,44.179,25.953,1.187,36.037,2934
SOL-USDT-SWAP,1H,6H,0.004,0.01,0.008,300.0,6685.5,2128.5,2809,1641,1168,58.419,12.129,1.405,87.115,2934
SOL-USDT-SWAP,1H,6H,0.004,0.01,0.01,300.0,8161.5,2620.5,2809,1807,1002,64.329,10.671,1.476,107.251,2934
SOL-USDT-SWAP,1H,6H,0.004,0.01,0.015,300.0,11859.0,3853.0,2809,2106,703,74.973,9.3,1.685,157.694,2934
SOL-USDT-SWAP,1H,6H,0.004,0.01,0.02,300.0,14326.5,4675.5,2809,2278,531,81.096,8.043,1.839,191.357,2934
SOL-USDT-SWAP,1H,6H,0.004,0.015,0.005,300.0,2949.0,883.0,2809,931,1878,33.143,25.532,1.157,36.139,2934
SOL-USDT-SWAP,1H,6H,0.004,0.015,0.008,300.0,5779.5,1826.5,2809,1258,1551,44.785,17.589,1.262,74.754,2934
SOL-USDT-SWAP,1H,6H,0.004,0.015,0.01,300.0,7126.5,2275.5,2809,1418,1391,50.481,16.29,1.297,93.131,2934
SOL-USDT-SWAP,1H,6H,0.004,0.015,0.015,300.0,10824.0,3508.0,2809,1732,1077,61.659,12.762,1.407,143.574,2934
SOL-USDT-SWAP,1H,6H,0.004,0.015,0.02,300.0,12616.5,4105.5,2809,1920,889,68.352,10.366,1.44,168.029,2934
SOL-USDT-SWAP,1H,6H,0.004,0.02,0.005,300.0,969.0,223.0,2809,692,2117,24.635,67.049,1.035,9.127,2934
SOL-USDT-SWAP,1H,6H,0.004,0.02,0.008,300.0,3244.5,981.5,2809,973,1836,34.639,50.113,1.119,40.171,2934
SOL-USDT-SWAP,1H,6H,0.004,0.02,0.01,300.0,4278.529,1326.176,2809,1119,1690,39.836,40.362,1.143,54.277,2934
SOL-USDT-SWAP,1H,6H,0.004,0.02,0.015,300.0,6776.029,2158.676,2809,1408,1401,50.125,27.571,1.193,88.35,2934
SOL-USDT-SWAP,1H,6H,0.004,0.02,0.02,300.0,7128.529,2276.176,2809,1589,1220,56.568,34.479,1.178,93.159,2934
SOL-USDT-SWAP,1H,6H,0.004,0.03,0.005,300.0,0,-100.0,343,53,290,15.452,100.6,0.883,-4.093,2934
SOL-USDT-SWAP,1H,6H,0.004,0.03,0.008,300.0,0,-100.0,390,87,303,22.308,100.941,0.925,-4.093,2934
SOL-USDT-SWAP,1H,6H,0.004,0.03,0.01,300.0,0,-100.0,430,113,317,26.279,101.667,0.94,-4.093,2934
SOL-USDT-SWAP,1H,6H,0.004,0.03,0.015,300.0,0,-100.0,494,171,323,34.615,101.059,0.96,-4.093,2934
SOL-USDT-SWAP,1H,6H,0.004,0.03,0.02,300.0,0,-100.0,486,200,286,41.152,100.632,0.966,-4.093,2934
SOL-USDT-SWAP,1H,6H,0.005,0.006,0.005,300.0,0,-100.0,514,262,252,50.973,100.844,0.866,-4.093,2934
SOL-USDT-SWAP,1H,6H,0.005,0.006,0.008,300.0,0,-100.0,1608,1019,589,63.371,101.179,0.961,-4.093,2934
SOL-USDT-SWAP,1H,6H,0.005,0.006,0.01,300.0,2451.539,717.18,2806,2019,787,71.953,55.539,1.166,29.353,2934
SOL-USDT-SWAP,1H,6H,0.005,0.006,0.015,300.0,5621.039,1773.68,2806,2307,499,82.217,24.589,1.444,72.593,2934
SOL-USDT-SWAP,1H,6H,0.005,0.006,0.02,300.0,7728.539,2476.18,2806,2457,349,87.562,16.008,1.676,101.344,2934
SOL-USDT-SWAP,1H,6H,0.005,0.008,0.005,300.0,1078.5,259.5,2806,1335,1471,47.577,67.951,1.059,10.621,2934
SOL-USDT-SWAP,1H,6H,0.005,0.008,0.008,300.0,4026.539,1242.18,2806,1734,1072,61.796,21.273,1.257,50.84,2934
SOL-USDT-SWAP,1H,6H,0.005,0.008,0.01,300.0,5589.539,1763.18,2806,1911,895,68.104,18.085,1.358,72.163,2934
SOL-USDT-SWAP,1H,6H,0.005,0.008,0.015,300.0,8882.039,2860.68,2806,2201,605,78.439,12.112,1.591,117.081,2934
SOL-USDT-SWAP,1H,6H,0.005,0.008,0.02,300.0,10938.539,3546.18,2806,2358,448,84.034,9.278,1.754,145.137,2934
SOL-USDT-SWAP,1H,6H,0.005,0.01,0.005,300.0,2653.5,784.5,2806,1227,1579,43.728,24.523,1.166,32.108,2934
SOL-USDT-SWAP,1H,6H,0.005,0.01,0.008,300.0,5742.539,1814.18,2806,1605,1201,57.199,13.74,1.336,74.25,2934
SOL-USDT-SWAP,1H,6H,0.005,0.01,0.01,300.0,7359.539,2353.18,2806,1779,1027,63.4,12.798,1.417,96.31,2934
SOL-USDT-SWAP,1H,6H,0.005,0.01,0.015,300.0,10907.039,3535.68,2806,2079,727,74.091,11.692,1.608,144.707,2934
SOL-USDT-SWAP,1H,6H,0.005,0.01,0.02,300.0,13149.539,4283.18,2806,2250,556,80.185,8.158,1.734,175.301,2934
SOL-USDT-SWAP,1H,6H,0.005,0.015,0.005,300.0,2766.0,822.0,2806,924,1882,32.929,25.564,1.146,33.643,2934
SOL-USDT-SWAP,1H,6H,0.005,0.015,0.008,300.0,5525.039,1741.68,2806,1250,1556,44.547,18.293,1.249,71.283,2934
SOL-USDT-SWAP,1H,6H,0.005,0.015,0.01,300.0,6932.039,2210.68,2806,1412,1394,50.321,18.301,1.288,90.478,2934
SOL-USDT-SWAP,1H,6H,0.005,0.015,0.015,300.0,10562.039,3420.68,2806,1725,1081,61.475,14.953,1.396,140.001,2934
SOL-USDT-SWAP,1H,6H,0.005,0.015,0.02,300.0,12744.539,4148.18,2806,1921,885,68.46,10.51,1.446,169.775,2934
SOL-USDT-SWAP,1H,6H,0.005,0.02,0.005,300.0,0,-100.0,1809,426,1383,23.549,100.558,0.975,-4.093,2934
SOL-USDT-SWAP,1H,6H,0.005,0.02,0.008,300.0,3342.539,1014.18,2806,975,1831,34.747,49.289,1.123,41.508,2934
SOL-USDT-SWAP,1H,6H,0.005,0.02,0.01,300.0,3744.539,1148.18,2806,1106,1700,39.416,41.657,1.123,46.992,2934
SOL-USDT-SWAP,1H,6H,0.005,0.02,0.015,300.0,6377.039,2025.68,2806,1399,1407,49.857,35.873,1.18,82.906,2934
SOL-USDT-SWAP,1H,6H,0.005,0.02,0.02,300.0,6804.539,2168.18,2806,1582,1224,56.379,40.114,1.169,88.739,2934
SOL-USDT-SWAP,1H,6H,0.005,0.03,0.005,300.0,0,-100.0,436,69,367,15.826,100.215,0.909,-4.093,2934
SOL-USDT-SWAP,1H,6H,0.005,0.03,0.008,300.0,0,-100.0,1163,270,893,23.216,100.755,0.974,-4.093,2934
SOL-USDT-SWAP,1H,6H,0.005,0.03,0.01,300.0,0,-100.0,1088,294,794,27.022,101.032,0.976,-4.093,2934
SOL-USDT-SWAP,1H,6H,0.005,0.03,0.015,300.0,0,-100.0,1563,551,1012,35.253,100.863,0.987,-4.093,2934
SOL-USDT-SWAP,1H,6H,0.005,0.03,0.02,300.0,0,-100.0,1470,613,857,41.701,101.65,0.988,-4.093,2934
SOL-USDT-SWAP,1H,12H,0.001,0.006,0.005,300.0,0,-100.0,283,136,147,48.057,100.976,0.771,-4.093,1468
SOL-USDT-SWAP,1H,12H,0.001,0.006,0.008,300.0,0,-100.0,824,515,309,62.5,101.558,0.926,-4.093,1468
SOL-USDT-SWAP,1H,12H,0.001,0.006,0.01,300.0,987.0,229.0,1394,987,407,70.803,45.652,1.102,9.372,1468
SOL-USDT-SWAP,1H,12H,0.001,0.006,0.015,300.0,2502.0,734.0,1394,1132,262,81.205,21.735,1.35,30.041,1468
SOL-USDT-SWAP,1H,12H,0.001,0.006,0.02,300.0,3852.0,1184.0,1394,1217,177,87.303,15.43,1.637,48.458,1468
SOL-USDT-SWAP,1H,12H,0.001,0.008,0.005,300.0,0,-100.0,829,367,462,44.27,101.442,0.927,-4.093,1468
SOL-USDT-SWAP,1H,12H,0.001,0.008,0.008,300.0,1377.0,359.0,1394,829,565,59.469,31.644,1.141,14.693,1468
SOL-USDT-SWAP,1H,12H,0.001,0.008,0.01,300.0,2355.0,685.0,1394,928,466,66.571,19.196,1.267,28.035,1468
SOL-USDT-SWAP,1H,12H,0.001,0.008,0.015,300.0,4000.5,1233.5,1394,1077,317,77.26,15.677,1.486,50.484,1468
SOL-USDT-SWAP,1H,12H,0.001,0.008,0.02,300.0,5193.0,1631.0,1394,1162,232,83.357,12.575,1.67,66.753,1468
SOL-USDT-SWAP,1H,12H,0.001,0.01,0.005,300.0,646.5,115.5,1394,573,821,41.105,67.925,1.047,4.727,1468
SOL-USDT-SWAP,1H,12H,0.001,0.01,0.008,300.0,2109.0,603.0,1394,764,630,54.806,23.789,1.213,24.679,1468
SOL-USDT-SWAP,1H,12H,0.001,0.01,0.01,300.0,2679.0,793.0,1394,846,548,60.689,20.266,1.263,32.456,1468
SOL-USDT-SWAP,1H,12H,0.001,0.01,0.015,300.0,4531.5,1410.5,1394,1005,389,72.095,14.381,1.453,57.729,1468
SOL-USDT-SWAP,1H,12H,0.001,0.01,0.02,300.0,5619.0,1773.0,1394,1094,300,78.479,12.329,1.563,72.565,1468
SOL-USDT-SWAP,1H,12H,0.001,0.015,0.005,300.0,984.0,228.0,1394,441,953,31.636,47.748,1.08,9.332,1468
SOL-USDT-SWAP,1H,12H,0.001,0.015,0.008,300.0,2112.0,604.0,1394,598,796,42.898,22.314,1.169,24.72,1468
SOL-USDT-SWAP,1H,12H,0.001,0.015,0.01,300.0,2761.5,820.5,1394,679,715,48.709,21.591,1.209,33.581,1468
SOL-USDT-SWAP,1H,12H,0.001,0.015,0.015,300.0,4104.0,1268.0,1394,828,566,59.397,17.068,1.28,51.896,1468
SOL-USDT-SWAP,1H,12H,0.001,0.015,0.02,300.0,5161.5,1620.5,1394,929,465,66.643,15.889,1.332,66.323,1468
SOL-USDT-SWAP,1H,12H,0.001,0.02,0.005,300.0,0,-100.0,84,12,72,14.286,101.932,0.528,-4.093,1468
SOL-USDT-SWAP,1H,12H,0.001,0.02,0.008,300.0,1599.0,433.0,1394,479,915,34.362,52.489,1.105,17.722,1468
SOL-USDT-SWAP,1H,12H,0.001,0.02,0.01,300.0,2094.0,598.0,1394,551,843,39.527,40.741,1.129,24.475,1468
SOL-USDT-SWAP,1H,12H,0.001,0.02,0.015,300.0,2879.019,859.673,1394,686,708,49.211,34.962,1.152,35.184,1468
SOL-USDT-SWAP,1H,12H,0.001,0.02,0.02,300.0,3396.519,1032.173,1394,783,611,56.169,31.814,1.161,42.244,1468
SOL-USDT-SWAP,1H,12H,0.001,0.03,0.005,300.0,0,-100.0,86,9,77,10.465,100.461,0.565,-4.093,1468
SOL-USDT-SWAP,1H,12H,0.001,0.03,0.008,300.0,0,-100.0,56,8,48,14.286,100.0,0.537,-4.093,1468
SOL-USDT-SWAP,1H,12H,0.001,0.03,0.01,300.0,0,-100.0,288,74,214,25.694,101.739,0.912,-4.093,1468
SOL-USDT-SWAP,1H,12H,0.001,0.03,0.015,300.0,0,-100.0,280,95,185,33.929,100.835,0.931,-4.093,1468
SOL-USDT-SWAP,1H,12H,0.001,0.03,0.02,300.0,0,-100.0,248,100,148,40.323,101.236,0.933,-4.093,1468
SOL-USDT-SWAP,1H,12H,0.0015,0.006,0.005,300.0,0,-100.0,296,143,153,48.311,101.463,0.779,-4.093,1468
SOL-USDT-SWAP,1H,12H,0.0015,0.006,0.008,300.0,192.0,-36.0,1394,891,503,63.917,95.082,0.984,-1.473,1468
SOL-USDT-SWAP,1H,12H,0.0015,0.006,0.01,300.0,1011.0,237.0,1394,988,406,70.875,44.667,1.106,9.7,1468
SOL-USDT-SWAP,1H,12H,0.0015,0.006,0.015,300.0,2565.0,755.0,1394,1134,260,81.349,22.351,1.363,30.9,1468
SOL-USDT-SWAP,1H,12H,0.0015,0.006,0.02,300.0,4047.0,1249.0,1394,1222,172,87.661,16.047,1.692,51.119,1468
SOL-USDT-SWAP,1H,12H,0.0015,0.008,0.005,300.0,292.5,-2.5,1394,643,751,46.126,63.598,0.999,-0.102,1468
SOL-USDT-SWAP,1H,12H,0.0015,0.008,0.008,300.0,1713.0,471.0,1394,843,551,60.473,28.055,1.19,19.277,1468
SOL-USDT-SWAP,1H,12H,0.0015,0.008,0.01,300.0,2733.0,811.0,1394,942,452,67.575,16.612,1.326,33.192,1468
SOL-USDT-SWAP,1H,12H,0.0015,0.008,0.015,300.0,4483.5,1394.5,1394,1091,303,78.264,13.738,1.575,57.074,1468
SOL-USDT-SWAP,1H,12H,0.0015,0.008,0.02,300.0,6033.0,1911.0,1394,1182,212,84.792,9.522,1.858,78.213,1468
SOL-USDT-SWAP,1H,12H,0.0015,0.01,0.005,300.0,961.5,220.5,1394,587,807,42.109,36.86,1.091,9.025,1468
SOL-USDT-SWAP,1H,12H,0.0015,0.01,0.008,300.0,2352.0,684.0,1394,773,621,55.452,22.6,1.245,27.995,1468
SOL-USDT-SWAP,1H,12H,0.0015,0.01,0.01,300.0,3039.0,913.0,1394,858,536,61.549,21.547,1.31,37.367,1468
SOL-USDT-SWAP,1H,12H,0.0015,0.01,0.015,300.0,4794.0,1498.0,1394,1012,382,72.597,13.558,1.49,61.31,1468
SOL-USDT-SWAP,1H,12H,0.0015,0.01,0.02,300.0,6204.0,1968.0,1394,1107,287,79.412,10.032,1.653,80.546,1468
SOL-USDT-SWAP,1H,12H,0.0015,0.015,0.005,300.0,1164.0,288.0,1394,447,947,32.066,38.589,1.101,11.787,1468
SOL-USDT-SWAP,1H,12H,0.0015,0.015,0.008,300.0,2146.5,615.5,1394,599,795,42.97,29.688,1.172,25.191,1468
SOL-USDT-SWAP,1H,12H,0.0015,0.015,0.01,300.0,2724.0,808.0,1394,678,716,48.637,25.225,1.205,33.07,1468
SOL-USDT-SWAP,1H,12H,0.0015,0.015,0.015,300.0,4104.0,1268.0,1394,828,566,59.397,25.871,1.28,51.896,1468
SOL-USDT-SWAP,1H,12H,0.0015,0.015,0.02,300.0,5634.0,1778.0,1394,938,456,67.288,14.678,1.371,72.769,1468
SOL-USDT-SWAP,1H,12H,0.0015,0.02,0.005,300.0,1029.0,243.0,1394,354,1040,25.395,51.208,1.078,9.945,1468
SOL-USDT-SWAP,1H,12H,0.0015,0.02,0.008,300.0,1599.0,433.0,1394,479,915,34.362,43.22,1.105,17.722,1468
SOL-USDT-SWAP,1H,12H,0.0015,0.02,0.01,300.0,2274.0,658.0,1394,555,839,39.813,30.56,1.143,26.93,1468
SOL-USDT-SWAP,1H,12H,0.0015,0.02,0.015,300.0,3037.269,912.423,1394,689,705,49.426,29.62,1.162,37.343,1468
SOL-USDT-SWAP,1H,12H,0.0015,0.02,0.02,300.0,3697.269,1132.423,1394,788,606,56.528,29.292,1.178,46.347,1468
SOL-USDT-SWAP,1H,12H,0.0015,0.03,0.005,300.0,0,-100.0,827,136,691,16.445,100.524,0.951,-4.093,1468
SOL-USDT-SWAP,1H,12H,0.0015,0.03,0.008,300.0,0,-100.0,821,189,632,23.021,101.655,0.964,-4.093,1468
SOL-USDT-SWAP,1H,12H,0.0015,0.03,0.01,300.0,0,-100.0,553,147,406,26.582,100.6,0.955,-4.093,1468
SOL-USDT-SWAP,1H,12H,0.0015,0.03,0.015,300.0,0,-100.0,415,143,272,34.458,100.776,0.953,-4.093,1468
SOL-USDT-SWAP,1H,12H,0.0015,0.03,0.02,300.0,0,-100.0,320,130,190,40.625,102.677,0.945,-4.093,1468
SOL-USDT-SWAP,1H,12H,0.002,0.006,0.005,300.0,0,-100.0,305,148,157,48.525,100.976,0.786,-4.093,1468
SOL-USDT-SWAP,1H,12H,0.002,0.006,0.008,300.0,0,-100.0,1026,645,381,62.865,100.962,0.941,-4.093,1468
SOL-USDT-SWAP,1H,12H,0.002,0.006,0.01,300.0,787.5,162.5,1393,978,415,70.208,69.061,1.071,6.651,1468
SOL-USDT-SWAP,1H,12H,0.002,0.006,0.015,300.0,2368.5,689.5,1393,1127,266,80.905,23.191,1.324,28.22,1468
SOL-USDT-SWAP,1H,12H,0.002,0.006,0.02,300.0,3844.5,1181.5,1393,1216,177,87.294,19.195,1.636,48.356,1468
SOL-USDT-SWAP,1H,12H,0.002,0.008,0.005,300.0,126.0,-58.0,1393,634,759,45.513,90.465,0.975,-2.374,1468
SOL-USDT-SWAP,1H,12H,0.002,0.008,0.008,300.0,1678.5,459.5,1393,841,552,60.373,25.963,1.185,18.806,1468
SOL-USDT-SWAP,1H,12H,0.002,0.008,0.01,300.0,2587.5,762.5,1393,936,457,67.193,22.706,1.303,31.207,1468
SOL-USDT-SWAP,1H,12H,0.002,0.008,0.015,300.0,4300.5,1333.5,1393,1085,308,77.889,11.958,1.541,54.577,1468
SOL-USDT-SWAP,1H,12H,0.002,0.008,0.02,300.0,5770.5,1823.5,1393,1175,218,84.35,13.136,1.797,74.632,1468
SOL-USDT-SWAP,1H,12H,0.002,0.01,0.005,300.0,835.5,178.5,1393,581,812,41.709,34.275,1.073,7.306,1468
SOL-USDT-SWAP,1H,12H,0.002,0.01,0.008,300.0,2122.5,607.5,1393,764,629,54.846,19.086,1.215,24.864,1468
SOL-USDT-SWAP,1H,12H,0.002,0.01,0.01,300.0,2905.5,868.5,1393,853,540,61.235,18.47,1.292,35.546,1468
SOL-USDT-SWAP,1H,12H,0.002,0.01,0.015,300.0,4743.0,1481.0,1393,1010,383,72.505,12.065,1.483,60.614,1468
SOL-USDT-SWAP,1H,12H,0.002,0.01,0.02,300.0,5965.5,1888.5,1393,1101,292,79.038,11.807,1.616,77.292,1468
SOL-USDT-SWAP,1H,12H,0.002,0.015,0.005,300.0,873.0,191.0,1393,437,956,31.371,38.106,1.067,7.817,1468
SOL-USDT-SWAP,1H,12H,0.002,0.015,0.008,300.0,1711.5,470.5,1393,586,807,42.067,31.831,1.13,19.256,1468
SOL-USDT-SWAP,1H,12H,0.002,0.015,0.01,300.0,2365.5,688.5,1393,668,725,47.954,37.45,1.173,28.179,1468
SOL-USDT-SWAP,1H,12H,0.002,0.015,0.015,300.0,3948.0,1216.0,1393,824,569,59.153,22.511,1.267,49.768,1468
SOL-USDT-SWAP,1H,12H,0.002,0.015,0.02,300.0,5245.5,1648.5,1393,930,463,66.762,22.927,1.339,67.469,1468
SOL-USDT-SWAP,1H,12H,0.002,0.02,0.005,300.0,663.0,121.0,1393,344,1049,24.695,59.775,1.038,4.952,1468
SOL-USDT-SWAP,1H,12H,0.002,0.02,0.008,300.0,1234.5,311.5,1393,470,923,33.74,38.129,1.075,12.749,1468
SOL-USDT-SWAP,1H,12H,0.002,0.02,0.01,300.0,1840.5,513.5,1393,545,848,39.124,41.673,1.11,21.016,1468
SOL-USDT-SWAP,1H,12H,0.002,0.02,0.015,300.0,2589.519,763.173,1393,680,713,48.816,36.227,1.134,31.235,1468
SOL-USDT-SWAP,1H,12H,0.002,0.02,0.02,300.0,3129.519,943.173,1393,778,615,55.851,40.713,1.146,38.602,1468
SOL-USDT-SWAP,1H,12H,0.002,0.03,0.005,300.0,0,-100.0,827,136,691,16.445,100.475,0.951,-4.093,1468
SOL-USDT-SWAP,1H,12H,0.002,0.03,0.008,300.0,0,-100.0,800,184,616,23.0,102.305,0.962,-4.093,1468
SOL-USDT-SWAP,1H,12H,0.002,0.03,0.01,300.0,0,-100.0,590,157,433,26.61,101.852,0.956,-4.093,1468
SOL-USDT-SWAP,1H,12H,0.002,0.03,0.015,300.0,0,-100.0,545,189,356,34.679,102.177,0.962,-4.093,1468
SOL-USDT-SWAP,1H,12H,0.002,0.03,0.02,300.0,0,-100.0,551,227,324,41.198,102.635,0.968,-4.093,1468
SOL-USDT-SWAP,1H,12H,0.0025,0.006,0.005,300.0,0,-100.0,351,173,178,49.288,101.463,0.81,-4.093,1468
SOL-USDT-SWAP,1H,12H,0.0025,0.006,0.008,300.0,0,-100.0,822,514,308,62.53,100.543,0.927,-4.093,1468
SOL-USDT-SWAP,1H,12H,0.0025,0.006,0.01,300.0,588.0,96.0,1392,969,423,69.612,90.116,1.041,3.929,1468
SOL-USDT-SWAP,1H,12H,0.0025,0.006,0.015,300.0,2424.0,708.0,1392,1128,264,81.034,23.598,1.335,28.977,1468
SOL-USDT-SWAP,1H,12H,0.0025,0.006,0.02,300.0,3642.0,1114.0,1392,1210,182,86.925,21.107,1.583,45.593,1468
SOL-USDT-SWAP,1H,12H,0.0025,0.008,0.005,300.0,213.0,-29.0,1392,638,754,45.833,75.303,0.987,-1.187,1468
SOL-USDT-SWAP,1H,12H,0.0025,0.008,0.008,300.0,1836.0,512.0,1392,847,545,60.848,26.03,1.209,20.955,1468
SOL-USDT-SWAP,1H,12H,0.0025,0.008,0.01,300.0,2415.0,705.0,1392,929,463,66.739,22.671,1.277,28.854,1468
SOL-USDT-SWAP,1H,12H,0.0025,0.008,0.015,300.0,4497.0,1399.0,1392,1090,302,78.305,12.382,1.579,57.258,1468
SOL-USDT-SWAP,1H,12H,0.0025,0.008,0.02,300.0,5886.0,1862.0,1392,1177,215,84.555,11.059,1.825,76.207,1468
SOL-USDT-SWAP,1H,12H,0.0025,0.01,0.005,300.0,979.5,226.5,1392,587,805,42.17,27.555,1.094,9.27,1468
SOL-USDT-SWAP,1H,12H,0.0025,0.01,0.008,300.0,2514.0,738.0,1392,778,614,55.891,18.621,1.267,30.205,1468
SOL-USDT-SWAP,1H,12H,0.0025,0.01,0.01,300.0,3162.0,954.0,1392,861,531,61.853,18.307,1.327,39.045,1468
SOL-USDT-SWAP,1H,12H,0.0025,0.01,0.015,300.0,5404.5,1701.5,1392,1027,365,73.779,14.667,1.583,69.638,1468
SOL-USDT-SWAP,1H,12H,0.0025,0.01,0.02,300.0,6672.0,2124.0,1392,1116,276,80.172,9.547,1.733,86.93,1468
SOL-USDT-SWAP,1H,12H,0.0025,0.015,0.005,300.0,822.0,174.0,1392,435,957,31.25,37.6,1.061,7.121,1468
SOL-USDT-SWAP,1H,12H,0.0025,0.015,0.008,300.0,1932.0,544.0,1392,592,800,42.529,37.64,1.151,22.265,1468
SOL-USDT-SWAP,1H,12H,0.0025,0.015,0.01,300.0,2344.5,681.5,1392,667,725,47.917,40.763,1.171,27.892,1468
SOL-USDT-SWAP,1H,12H,0.0025,0.015,0.015,300.0,4377.0,1359.0,1392,833,559,59.842,21.905,1.304,55.621,1468
SOL-USDT-SWAP,1H,12H,0.0025,0.015,0.02,300.0,5644.5,1781.5,1392,937,455,67.313,19.738,1.373,72.913,1468
SOL-USDT-SWAP,1H,12H,0.0025,0.02,0.005,300.0,672.0,124.0,1392,344,1048,24.713,51.928,1.039,5.075,1468
SOL-USDT-SWAP,1H,12H,0.0025,0.02,0.008,300.0,1542.0,414.0,1392,477,915,34.267,41.958,1.101,16.944,1468
SOL-USDT-SWAP,1H,12H,0.0025,0.02,0.01,300.0,1857.0,519.0,1392,545,847,39.152,48.787,1.111,21.241,1468
SOL-USDT-SWAP,1H,12H,0.0025,0.02,0.015,300.0,2824.271,841.424,1392,684,708,49.138,35.153,1.149,34.438,1468
SOL-USDT-SWAP,1H,12H,0.0025,0.02,0.02,300.0,3281.771,993.924,1392,780,612,56.034,42.208,1.155,40.679,1468
SOL-USDT-SWAP,1H,12H,0.0025,0.03,0.005,300.0,0,-100.0,361,56,305,15.512,102.553,0.887,-4.093,1468
SOL-USDT-SWAP,1H,12H,0.0025,0.03,0.008,300.0,0,-100.0,584,133,451,22.774,100.521,0.95,-4.093,1468
SOL-USDT-SWAP,1H,12H,0.0025,0.03,0.01,300.0,0,-100.0,590,157,433,26.61,101.852,0.956,-4.093,1468
SOL-USDT-SWAP,1H,12H,0.0025,0.03,0.015,300.0,0,-100.0,553,192,361,34.72,101.09,0.964,-4.093,1468
SOL-USDT-SWAP,1H,12H,0.0025,0.03,0.02,300.0,0,-100.0,550,227,323,41.273,100.0,0.971,-4.093,1468
SOL-USDT-SWAP,1H,12H,0.003,0.006,0.005,300.0,0,-100.0,364,180,184,49.451,101.86,0.815,-4.093,1468
SOL-USDT-SWAP,1H,12H,0.003,0.006,0.008,300.0,0,-100.0,805,503,302,62.484,100.644,0.925,-4.093,1468
SOL-USDT-SWAP,1H,12H,0.003,0.006,0.01,300.0,612.0,104.0,1392,970,422,69.684,79.61,1.045,4.256,1468
SOL-USDT-SWAP,1H,12H,0.003,0.006,0.015,300.0,2266.5,655.5,1392,1123,269,80.675,28.838,1.305,26.828,1468
SOL-USDT-SWAP,1H,12H,0.003,0.006,0.02,300.0,3330.0,1010.0,1392,1202,190,86.351,25.469,1.506,41.337,1468
SOL-USDT-SWAP,1H,12H,0.003,0.008,0.005,300.0,174.0,-42.0,1392,636,756,45.69,83.551,0.981,-1.719,1468
SOL-USDT-SWAP,1H,12H,0.003,0.008,0.008,300.0,1788.0,496.0,1392,845,547,60.704,27.543,1.202,20.3,1468
SOL-USDT-SWAP,1H,12H,0.003,0.008,0.01,300.0,2550.0,750.0,1392,934,458,67.098,19.491,1.298,30.696,1468
SOL-USDT-SWAP,1H,12H,0.003,0.008,0.015,300.0,4600.5,1433.5,1392,1093,299,78.52,13.308,1.599,58.67,1468
SOL-USDT-SWAP,1H,12H,0.003,0.008,0.02,300.0,5718.0,1806.0,1392,1173,219,84.267,10.359,1.785,73.915,1468
SOL-USDT-SWAP,1H,12H,0.003,0.01,0.005,300.0,754.5,151.5,1392,577,815,41.451,39.498,1.062,6.201,1468
SOL-USDT-SWAP,1H,12H,0.003,0.01,0.008,300.0,2514.0,738.0,1392,778,614,55.891,17.618,1.267,30.205,1468
SOL-USDT-SWAP,1H,12H,0.003,0.01,0.01,300.0,3312.0,1004.0,1392,866,526,62.213,16.522,1.347,41.091,1468
SOL-USDT-SWAP,1H,12H,0.003,0.01,0.015,300.0,5404.5,1701.5,1392,1027,365,73.779,14.667,1.583,69.638,1468
SOL-USDT-SWAP,1H,12H,0.003,0.01,0.02,300.0,6627.0,2109.0,1392,1115,277,80.101,10.196,1.725,86.317,1468
SOL-USDT-SWAP,1H,12H,0.003,0.015,0.005,300.0,582.0,94.0,1392,427,965,30.675,60.923,1.032,3.847,1468
SOL-USDT-SWAP,1H,12H,0.003,0.015,0.008,300.0,1932.0,544.0,1392,592,800,42.529,40.379,1.151,22.265,1468
SOL-USDT-SWAP,1H,12H,0.003,0.015,0.01,300.0,2457.0,719.0,1392,670,722,48.132,32.987,1.181,29.427,1468
SOL-USDT-SWAP,1H,12H,0.003,0.015,0.015,300.0,4782.0,1494.0,1392,842,550,60.489,14.06,1.34,61.146,1468
SOL-USDT-SWAP,1H,12H,0.003,0.015,0.02,300.0,5539.5,1746.5,1392,935,457,67.17,17.635,1.364,71.48,1468
SOL-USDT-SWAP,1H,12H,0.003,0.02,0.005,300.0,597.0,99.0,1392,342,1050,24.569,73.429,1.031,4.052,1468
SOL-USDT-SWAP,1H,12H,0.003,0.02,0.008,300.0,1752.0,484.0,1392,482,910,34.626,47.493,1.118,19.809,1468
SOL-USDT-SWAP,1H,12H,0.003,0.02,0.01,300.0,2187.523,629.174,1392,552,840,39.655,44.335,1.136,25.751,1468
SOL-USDT-SWAP,1H,12H,0.003,0.02,0.015,300.0,3245.023,981.674,1392,692,700,49.713,34.199,1.176,40.178,1468
SOL-USDT-SWAP,1H,12H,0.003,0.02,0.02,300.0,3102.523,934.174,1392,777,615,55.819,44.565,1.145,38.234,1468
SOL-USDT-SWAP,1H,12H,0.003,0.03,0.005,300.0,0,-100.0,273,41,232,15.018,101.282,0.854,-4.093,1468
SOL-USDT-SWAP,1H,12H,0.003,0.03,0.008,300.0,0,-100.0,593,135,458,22.766,101.22,0.95,-4.093,1468
SOL-USDT-SWAP,1H,12H,0.003,0.03,0.01,300.0,0,-100.0,597,159,438,26.633,101.079,0.957,-4.093,1468
SOL-USDT-SWAP,1H,12H,0.003,0.03,0.015,300.0,0,-100.0,595,207,388,34.79,100.607,0.967,-4.093,1468
SOL-USDT-SWAP,1H,12H,0.003,0.03,0.02,300.0,0,-100.0,541,223,318,41.22,101.299,0.968,-4.093,1468
SOL-USDT-SWAP,1H,12H,0.004,0.006,0.005,300.0,0,-100.0,386,192,194,49.741,101.762,0.825,-4.093,1468
SOL-USDT-SWAP,1H,12H,0.004,0.006,0.008,300.0,0,-100.0,573,354,219,61.78,100.283,0.898,-4.093,1468
SOL-USDT-SWAP,1H,12H,0.004,0.006,0.01,300.0,871.5,190.5,1385,976,409,70.469,51.875,1.085,7.797,1468
SOL-USDT-SWAP,1H,12H,0.004,0.006,0.015,300.0,2277.0,659.0,1385,1118,267,80.722,29.647,1.309,26.971,1468
SOL-USDT-SWAP,1H,12H,0.004,0.006,0.02,300.0,3082.5,927.5,1385,1190,195,85.921,26.329,1.453,37.96,1468
SOL-USDT-SWAP,1H,12H,0.004,0.008,0.005,300.0,217.5,-27.5,1385,635,750,45.848,75.592,0.988,-1.126,1468
SOL-USDT-SWAP,1H,12H,0.004,0.008,0.008,300.0,1642.5,447.5,1385,835,550,60.289,27.611,1.181,18.315,1468
SOL-USDT-SWAP,1H,12H,0.004,0.008,0.01,300.0,2665.5,788.5,1385,934,451,67.437,21.472,1.318,32.271,1468
SOL-USDT-SWAP,1H,12H,0.004,0.008,0.015,300.0,4320.0,1340.0,1385,1080,305,77.978,13.135,1.549,54.843,1468
SOL-USDT-SWAP,1H,12H,0.004,0.008,0.02,300.0,5350.5,1683.5,1385,1159,226,83.682,12.263,1.709,68.902,1468
SOL-USDT-SWAP,1H,12H,0.004,0.01,0.005,300.0,1222.5,307.5,1385,595,790,42.96,26.121,1.13,12.585,1468
SOL-USDT-SWAP,1H,12H,0.004,0.01,0.008,300.0,2770.5,823.5,1385,784,601,56.606,15.691,1.304,33.704,1468
SOL-USDT-SWAP,1H,12H,0.004,0.01,0.01,300.0,3817.5,1172.5,1385,879,506,63.466,13.772,1.421,47.988,1468
SOL-USDT-SWAP,1H,12H,0.004,0.01,0.015,300.0,5722.5,1807.5,1385,1031,354,74.44,10.864,1.638,73.977,1468
SOL-USDT-SWAP,1H,12H,0.004,0.01,0.02,300.0,6982.5,2227.5,1385,1118,267,80.722,8.704,1.795,91.166,1468
SOL-USDT-SWAP,1H,12H,0.004,0.015,0.005,300.0,1155.0,285.0,1385,444,941,32.058,41.69,1.101,11.664,1468
SOL-USDT-SWAP,1H,12H,0.004,0.015,0.008,300.0,2026.5,575.5,1385,592,793,42.744,42.034,1.161,23.554,1468
SOL-USDT-SWAP,1H,12H,0.004,0.015,0.01,300.0,3210.0,970.0,1385,687,698,49.603,19.397,1.253,39.7,1468
SOL-USDT-SWAP,1H,12H,0.004,0.015,0.015,300.0,5490.0,1730.0,1385,854,531,61.661,10.87,1.407,70.805,1468
SOL-USDT-SWAP,1H,12H,0.004,0.015,0.02,300.0,5970.0,1890.0,1385,939,446,67.798,15.017,1.404,77.353,1468
SOL-USDT-SWAP,1H,12H,0.004,0.02,0.005,300.0,435.0,45.0,1385,336,1049,24.26,86.596,1.014,1.842,1468
SOL-USDT-SWAP,1H,12H,0.004,0.02,0.008,300.0,1090.5,263.5,1385,464,921,33.502,95.94,1.064,10.784,1468
SOL-USDT-SWAP,1H,12H,0.004,0.02,0.01,300.0,2034.529,578.176,1385,547,838,39.495,57.36,1.125,23.663,1468
SOL-USDT-SWAP,1H,12H,0.004,0.02,0.015,300.0,3309.529,1003.176,1385,691,694,49.892,34.982,1.181,41.058,1468
SOL-USDT-SWAP,1H,12H,0.004,0.02,0.02,300.0,2784.529,828.176,1385,769,616,55.523,54.835,1.128,33.895,1468
SOL-USDT-SWAP,1H,12H,0.004,0.03,0.005,300.0,0,-100.0,197,28,169,14.213,100.855,0.801,-4.093,1468
SOL-USDT-SWAP,1H,12H,0.004,0.03,0.008,300.0,0,-100.0,403,90,313,22.333,101.823,0.927,-4.093,1468
SOL-USDT-SWAP,1H,12H,0.004,0.03,0.01,300.0,0,-100.0,542,144,398,26.568,100.378,0.954,-4.093,1468
SOL-USDT-SWAP,1H,12H,0.004,0.03,0.015,300.0,0,-100.0,601,209,392,34.775,101.335,0.966,-4.093,1468
SOL-USDT-SWAP,1H,12H,0.004,0.03,0.02,300.0,0,-100.0,524,216,308,41.221,100.522,0.968,-4.093,1468
SOL-USDT-SWAP,1H,12H,0.005,0.006,0.005,300.0,0,-100.0,386,192,194,49.741,101.569,0.825,-4.093,1468
SOL-USDT-SWAP,1H,12H,0.005,0.006,0.008,300.0,0,-100.0,561,346,215,61.676,101.266,0.894,-4.093,1468
SOL-USDT-SWAP,1H,12H,0.005,0.006,0.01,300.0,642.539,114.18,1384,966,418,69.798,72.86,1.05,4.673,1468
SOL-USDT-SWAP,1H,12H,0.005,0.006,0.015,300.0,1823.039,507.68,1384,1103,281,79.697,45.277,1.226,20.778,1468
SOL-USDT-SWAP,1H,12H,0.005,0.006,0.02,300.0,2640.539,780.18,1384,1178,206,85.116,46.154,1.361,31.931,1468
SOL-USDT-SWAP,1H,12H,0.005,0.008,0.005,300.0,0,-100.0,1024,457,567,44.629,100.701,0.94,-4.093,1468
SOL-USDT-SWAP,1H,12H,0.005,0.008,0.008,300.0,1287.539,329.18,1384,820,564,59.249,49.921,1.13,13.473,1468
SOL-USDT-SWAP,1H,12H,0.005,0.008,0.01,300.0,2295.539,665.18,1384,920,464,66.474,23.288,1.261,27.224,1468
SOL-USDT-SWAP,1H,12H,0.005,0.008,0.015,300.0,3680.039,1126.68,1384,1061,323,76.662,17.182,1.436,46.112,1468
SOL-USDT-SWAP,1H,12H,0.005,0.008,0.02,300.0,4449.539,1383.18,1384,1137,247,82.153,22.031,1.533,56.61,1468
SOL-USDT-SWAP,1H,12H,0.005,0.01,0.005,300.0,1119.0,273.0,1384,590,794,42.63,27.672,1.115,11.173,1468
SOL-USDT-SWAP,1H,12H,0.005,0.01,0.008,300.0,2394.539,698.18,1384,770,614,55.636,18.141,1.253,28.575,1468
SOL-USDT-SWAP,1H,12H,0.005,0.01,0.01,300.0,3522.539,1074.18,1384,869,515,62.789,17.365,1.379,43.964,1468
SOL-USDT-SWAP,1H,12H,0.005,0.01,0.015,300.0,5285.039,1661.68,1384,1019,365,73.627,15.186,1.569,68.009,1468
SOL-USDT-SWAP,1H,12H,0.005,0.01,0.02,300.0,6147.539,1949.18,1384,1099,285,79.408,11.578,1.651,79.775,1468
SOL-USDT-SWAP,1H,12H,0.005,0.015,0.005,300.0,924.0,208.0,1384,436,948,31.503,51.097,1.073,8.513,1468
SOL-USDT-SWAP,1H,12H,0.005,0.015,0.008,300.0,2090.039,596.68,1384,594,790,42.919,37.829,1.168,24.421,1468
SOL-USDT-SWAP,1H,12H,0.005,0.015,0.01,300.0,3207.539,969.18,1384,687,697,49.639,17.714,1.253,39.666,1468
SOL-USDT-SWAP,1H,12H,0.005,0.015,0.015,300.0,5270.039,1656.68,1384,849,535,61.344,12.789,1.387,67.804,1468
SOL-USDT-SWAP,1H,12H,0.005,0.015,0.02,300.0,5930.039,1876.68,1384,938,446,67.775,21.718,1.401,76.808,1468
SOL-USDT-SWAP,1H,12H,0.005,0.02,0.005,300.0,0,-100.0,830,191,639,23.012,100.864,0.947,-4.093,1468
SOL-USDT-SWAP,1H,12H,0.005,0.02,0.008,300.0,1119.539,273.18,1384,465,919,33.598,96.682,1.066,11.181,1468
SOL-USDT-SWAP,1H,12H,0.005,0.02,0.01,300.0,1647.539,449.18,1384,538,846,38.873,67.253,1.097,18.384,1468
SOL-USDT-SWAP,1H,12H,0.005,0.02,0.015,300.0,2967.539,889.18,1384,684,700,49.422,51.768,1.159,36.392,1468
SOL-USDT-SWAP,1H,12H,0.005,0.02,0.02,300.0,2997.539,899.18,1384,772,612,55.78,64.303,1.14,36.801,1468
SOL-USDT-SWAP,1H,12H,0.005,0.03,0.005,300.0,0,-100.0,401,63,338,15.711,100.298,0.901,-4.093,1468
SOL-USDT-SWAP,1H,12H,0.005,0.03,0.008,300.0,0,-100.0,525,119,406,22.667,100.459,0.944,-4.093,1468
SOL-USDT-SWAP,1H,12H,0.005,0.03,0.01,300.0,0,-100.0,546,145,401,26.557,100.805,0.953,-4.093,1468
SOL-USDT-SWAP,1H,12H,0.005,0.03,0.015,300.0,0,-100.0,772,270,502,34.974,100.195,0.975,-4.093,1468
SOL-USDT-SWAP,1H,12H,0.005,0.03,0.02,300.0,0,-100.0,550,227,323,41.273,100.0,0.971,-4.093,1468
