pair,signal_bar,float_pct,tp_pct,sl_pct,total_return_pct_tr,max_dd_pct_tr,win_rate_pct_tr,trades_tr,profit_factor_tr,monthly_pct_tr,total_return_pct_te,max_dd_pct_te,win_rate_pct_te,trades_te,profit_factor_te,monthly_pct_te,total_return_pct_full,max_dd_pct_full,win_rate_pct_full,trades_full,profit_factor_full,y2024_pnl_pct_full,y2025_pnl_pct_full,y2026_pnl_pct_full
BTC-USDT-SWAP,1H,0.01,0.004,0.025,60.132,31.352,78.916,166,1.227,3.298,41.878,15.249,81.481,54,1.74,6.865,127.191,31.352,79.545,220,1.358,3.79,51.26,44.72
BTC-USDT-SWAP,1H,0.01,0.004,0.03,60.132,31.352,78.916,166,1.227,3.298,41.878,15.249,81.481,54,1.74,6.865,127.191,31.352,79.545,220,1.358,3.79,51.26,44.72
BTC-USDT-SWAP,4H,0.007,0.004,0.015,781.403,39.251,87.018,285,1.696,42.778,128.706,17.0,92.135,89,2.081,21.099,1915.819,39.251,88.235,374,1.882,331.67,95.04,139.43
BTC-USDT-SWAP,4H,0.007,0.004,0.03,2935.174,39.251,89.123,285,2.229,160.685,324.466,10.353,95.506,89,5.812,53.191,12562.306,39.251,90.642,374,4.003,700.69,262.1,336.74
BTC-USDT-SWAP,4H,0.01,0.006,0.008,387.939,38.908,72.872,188,1.41,21.238,149.41,20.543,80.702,57,2.212,24.493,1116.97,38.908,74.694,245,1.721,145.23,98.97,149.41
BTC-USDT-SWAP,6H,0.003,0.004,0.03,7057.598,35.344,88.532,436,3.186,384.96,928.656,18.948,94.079,152,9.429,152.239,30635.349,35.344,89.966,588,5.049,758.39,757.27,317.67
BTC-USDT-SWAP,6H,0.004,0.004,0.03,6755.064,35.609,91.489,376,3.411,368.458,823.204,17.936,96.899,129,19.832,134.952,28960.071,35.609,92.871,505,6.771,654.74,772.99,341.05
BTC-USDT-SWAP,6H,0.004,0.006,0.03,32162.036,32.3,81.383,376,2.054,1754.293,3609.397,17.936,89.147,129,6.329,591.704,70024.044,32.3,83.366,505,2.865,2900.72,984.2,115.54
BTC-USDT-SWAP,6H,0.005,0.004,0.03,4555.141,34.877,91.049,324,3.887,248.462,615.857,8.328,95.763,118,6.839,100.96,22283.108,34.877,92.308,442,6.543,446.45,746.8,383.71
BTC-USDT-SWAP,6H,0.005,0.006,0.025,18499.143,39.426,82.099,324,3.439,1009.044,2305.716,18.995,89.831,118,4.428,377.986,51881.507,39.426,84.163,442,4.481,812.73,1945.3,178.45
BTC-USDT-SWAP,6H,0.007,0.004,0.025,772.491,29.293,92.8,250,2.188,42.136,398.489,5.946,96.703,91,10.038,65.326,4249.271,29.293,93.842,341,5.106,184.55,201.49,406.96
BTC-USDT-SWAP,6H,0.007,0.004,0.03,2117.068,34.136,94.0,250,2.701,115.476,398.489,5.946,96.703,91,10.038,65.326,10925.677,34.136,94.721,341,5.973,455.55,292.41,405.76
BTC-USDT-SWAP,6H,0.007,0.006,0.025,12744.358,27.907,86.0,250,2.606,695.147,1595.115,12.732,91.209,91,4.667,261.494,42230.101,27.907,87.39,341,4.573,1006.4,1055.31,231.16
BTC-USDT-SWAP,6H,0.007,0.008,0.03,31378.645,34.213,79.6,250,2.091,1711.562,3359.003,20.604,84.615,91,3.449,550.656,68936.09,34.213,80.938,341,2.887,3419.98,792.52,119.74
BTC-USDT-SWAP,6H,0.01,0.006,0.008,173.196,35.827,73.563,174,1.303,9.447,105.581,36.493,79.688,64,1.818,17.308,461.638,36.493,75.21,238,1.499,79.84,51.91,105.58
BTC-USDT-SWAP,6H,0.01,0.006,0.01,261.241,37.723,77.011,174,1.473,14.25,89.733,37.301,81.25,64,1.639,14.71,585.393,37.723,78.151,238,1.553,91.12,89.02,89.73
BTC-USDT-SWAP,6H,0.01,0.006,0.015,1367.575,30.433,83.908,174,2.352,74.595,220.15,22.508,87.5,64,2.69,36.09,4598.443,30.433,84.874,238,2.573,288.67,277.59,220.15
BTC-USDT-SWAP,6H,0.01,0.008,0.008,372.16,36.118,63.793,174,1.342,20.3,224.234,28.713,75.0,64,2.127,36.76,1430.907,36.118,66.807,238,1.705,151.86,87.47,224.23
BTC-USDT-SWAP,12H,0.003,0.004,0.02,914.047,36.827,91.27,252,1.818,49.857,176.134,22.0,96.341,82,2.542,28.875,2700.133,36.827,92.515,334,2.187,312.75,145.68,176.13
BTC-USDT-SWAP,12H,0.003,0.004,0.025,1004.9,39.906,91.667,252,1.872,54.813,141.867,27.0,96.341,82,2.069,23.257,2572.393,39.906,92.814,334,1.982,286.29,186.03,141.87
BTC-USDT-SWAP,12H,0.007,0.004,0.015,223.081,30.342,91.573,178,1.407,12.168,35.24,31.11,91.525,59,1.35,5.777,336.935,31.11,91.561,237,1.386,138.46,35.49,35.24
BTC-USDT-SWAP,12H,0.007,0.004,0.02,474.759,22.6,93.82,178,1.893,25.896,60.923,22.0,93.22,59,1.65,9.987,824.919,22.6,93.671,237,1.77,175.39,108.71,60.92
BTC-USDT-SWAP,12H,0.007,0.004,0.025,396.324,27.0,93.82,178,1.81,21.618,40.953,27.0,93.22,59,1.385,6.714,599.584,27.0,93.671,237,1.589,157.74,92.57,40.95
BTC-USDT-SWAP,12H,0.007,0.004,0.03,501.748,32.0,94.382,178,1.944,27.368,83.459,32.0,94.915,59,1.813,13.682,1003.959,32.0,94.515,237,1.874,140.08,150.64,83.46
BTC-USDT-SWAP,12H,0.007,0.006,0.015,863.198,37.271,82.584,178,1.439,47.084,234.264,31.11,88.136,59,2.169,38.404,3119.623,37.271,83.966,237,1.801,331.55,123.19,234.26
BTC-USDT-SWAP,12H,0.007,0.006,0.03,2490.243,39.769,85.955,178,2.277,135.831,277.754,32.0,89.831,59,2.129,45.533,10237.632,39.769,86.92,237,2.321,343.14,484.51,299.1
BTC-USDT-SWAP,12H,0.01,0.004,0.015,288.504,31.359,91.791,134,2.396,15.737,36.66,31.11,93.617,47,1.522,6.01,430.93,31.359,92.265,181,1.898,101.29,93.01,36.66
BTC-USDT-SWAP,12H,0.01,0.004,0.025,240.957,29.316,92.537,134,2.101,13.143,29.913,27.0,95.745,47,1.357,4.904,342.948,29.316,93.37,181,1.68,77.04,92.59,29.91
BTC-USDT-SWAP,12H,0.01,0.004,0.03,195.85,34.157,92.537,134,1.872,10.683,69.09,32.0,97.872,47,1.94,11.326,400.251,34.157,93.923,181,1.906,64.91,79.4,69.09
BTC-USDT-SWAP,12H,0.01,0.006,0.01,343.207,32.772,79.104,134,1.574,18.72,103.678,23.344,82.979,47,1.75,16.996,802.714,32.772,80.11,181,1.663,122.54,99.16,103.68
BTC-USDT-SWAP,12H,0.01,0.006,0.02,1383.189,39.394,87.313,134,2.429,75.447,186.994,22.0,89.362,47,2.479,30.655,4156.667,39.394,87.845,181,2.462,284.79,285.46,186.99
BTC-USDT-SWAP,12H,0.01,0.006,0.03,1513.31,37.727,88.06,134,2.606,82.544,233.6,32.0,91.489,47,2.539,38.295,5282.002,37.727,88.95,181,2.558,235.45,380.93,233.6
BTC-USDT-SWAP,12H,0.01,0.008,0.01,419.298,39.093,70.149,134,1.497,22.871,290.375,22.56,82.979,47,2.379,47.602,1927.211,39.093,73.481,181,1.995,172.12,90.83,290.38
BTC-USDT-SWAP,12H,0.01,0.008,0.015,1920.227,38.648,77.612,134,2.199,104.74,356.271,31.11,85.106,47,2.864,58.405,9117.712,38.648,79.558,181,2.669,479.08,248.87,356.27
BTC-USDT-SWAP,1D,0.004,0.004,0.025,447.393,28.701,97.778,135,3.118,24.403,49.757,27.6,97.368,38,2.773,8.157,719.758,28.701,97.688,173,2.972,79.92,204.24,49.76
BTC-USDT-SWAP,1D,0.005,0.004,0.02,226.138,29.868,95.276,127,1.805,12.335,55.991,22.0,97.222,36,2.967,9.179,408.747,29.868,95.706,163,2.094,93.39,68.65,55.99
BTC-USDT-SWAP,1D,0.005,0.004,0.025,209.704,31.064,95.276,127,1.788,11.438,103.989,0.0,100.0,36,inf,17.047,531.76,31.064,96.319,163,2.998,80.99,71.12,103.99
BTC-USDT-SWAP,1D,0.005,0.004,0.03,303.097,32.0,96.063,127,2.125,16.533,103.989,0.0,100.0,36,inf,17.047,722.272,32.0,96.933,163,3.68,68.59,139.1,103.99
BTC-USDT-SWAP,1D,0.007,0.004,0.025,186.015,32.415,95.37,108,2.155,10.146,87.9,0.0,100.0,32,inf,14.41,437.422,32.415,96.429,140,3.715,57.56,81.53,87.9
BTC-USDT-SWAP,1D,0.007,0.004,0.03,272.266,32.0,96.296,108,2.891,14.851,87.9,0.0,100.0,32,inf,14.41,599.486,32.0,97.143,140,5.164,46.77,153.64,87.9
BTC-USDT-SWAP,1D,0.007,0.006,0.025,1009.164,27.0,90.741,108,2.757,55.045,143.51,27.6,96.875,32,4.003,23.526,2600.93,27.6,92.143,140,3.355,224.7,241.59,143.51
BTC-USDT-SWAP,1D,0.007,0.006,0.03,1371.948,32.0,91.667,108,3.236,74.834,175.066,18.218,96.875,32,6.549,28.699,3948.826,32.0,92.857,140,4.664,202.46,386.65,175.07
BTC-USDT-SWAP,1D,0.01,0.004,0.025,289.928,32.084,97.895,95,5.285,15.814,67.342,0.0,100.0,26,inf,11.04,552.513,32.084,98.347,121,9.166,27.99,204.66,67.34
BTC-USDT-SWAP,1D,0.01,0.004,0.03,263.221,36.736,97.895,95,4.501,14.357,67.342,0.0,100.0,26,inf,11.04,507.82,36.736,98.347,121,7.754,19.22,204.66,67.34
BTC-USDT-SWAP,1D,0.01,0.006,0.015,647.936,36.099,91.579,95,2.998,35.342,74.557,25.489,92.308,26,2.9,12.223,1205.577,36.099,91.736,121,2.951,72.26,334.19,74.56
BTC-USDT-SWAP,1D,0.01,0.006,0.02,694.104,38.676,92.632,95,3.518,37.86,174.062,0.0,100.0,26,inf,28.535,2076.336,38.676,94.215,121,8.532,55.32,411.27,174.06
BTC-USDT-SWAP,1D,0.01,0.006,0.025,1136.212,36.513,93.684,95,5.132,61.975,174.062,0.0,100.0,26,inf,28.535,3287.985,36.513,95.041,121,12.956,81.34,581.69,174.06
BTC-USDT-SWAP,1D,0.01,0.008,0.02,1054.925,35.066,82.105,95,2.401,57.541,177.691,22.6,88.462,26,4.67,29.13,3107.117,35.066,83.471,121,3.368,127.35,408.0,177.69
BTC-USDT-SWAP,1D,0.01,0.008,0.025,1614.113,32.776,83.158,95,2.562,88.043,205.194,14.934,88.462,26,6.625,33.638,5131.366,32.776,84.298,121,4.094,165.44,545.76,205.19
BTC-USDT-SWAP,1D,0.01,0.008,0.03,1680.534,37.38,83.158,95,2.926,91.665,205.194,14.934,88.462,26,6.625,33.638,5334.078,37.38,84.298,121,4.505,147.26,620.11,205.19
ETH-USDT-SWAP,6H,0.002,0.006,0.03,97054.823,32.3,88.482,573,3.109,5293.899,14467.887,32.0,89.796,196,3.379,2371.785,151185.77,32.3,88.817,769,3.499,11637.48,721.08,56.98
ETH-USDT-SWAP,6H,0.003,0.006,0.03,96006.911,34.894,90.595,521,3.382,5236.741,16829.477,26.829,92.442,172,3.813,2758.931,150941.716,34.894,91.053,693,4.104,16299.2,483.57,57.83
ETH-USDT-SWAP,6H,0.003,0.008,0.03,112483.976,34.894,81.766,521,2.575,6135.49,24619.97,32.3,85.465,172,2.504,4036.061,176360.894,34.894,82.684,693,2.903,22157.78,403.22,57.55
ETH-USDT-SWAP,6H,0.003,0.01,0.03,119342.336,36.027,75.624,521,2.249,6509.582,19071.049,37.351,74.419,172,1.723,3126.402,179456.064,36.027,75.325,693,2.359,24353.66,385.25,51.32
ETH-USDT-SWAP,6H,0.004,0.008,0.03,100813.266,34.213,82.39,477,2.563,5498.905,22575.598,28.287,87.261,157,2.338,3700.918,161625.887,34.213,83.596,634,2.952,18798.6,433.97,60.26
ETH-USDT-SWAP,6H,0.004,0.01,0.03,104929.561,34.213,75.472,477,2.144,5723.431,13429.459,46.383,75.796,157,1.563,2201.551,161039.519,34.213,75.552,634,2.287,26810.75,290.29,53.42
ETH-USDT-SWAP,6H,0.005,0.006,0.03,69767.089,33.958,90.183,438,2.706,3805.478,9097.725,18.54,95.035,141,6.986,1491.43,117101.155,33.958,91.364,579,3.488,11335.93,510.94,67.75
ETH-USDT-SWAP,6H,0.005,0.008,0.03,94580.439,33.53,82.648,438,2.608,5158.933,9484.867,44.852,87.943,141,1.653,1554.896,145042.97,33.53,83.938,579,2.825,17275.48,444.91,53.3
ETH-USDT-SWAP,6H,0.005,0.01,0.03,99455.734,33.53,75.114,438,2.13,5424.858,14163.426,40.214,81.56,141,1.628,2321.873,154545.007,33.53,76.684,579,2.31,28239.37,251.3,55.34
ETH-USDT-SWAP,6H,0.005,0.012,0.03,102971.437,33.53,70.32,438,2.01,5616.624,15468.595,39.033,73.759,141,1.595,2535.835,160173.031,33.53,71.157,579,2.172,27937.41,267.62,55.5
ETH-USDT-SWAP,1D,0.01,0.004,0.03,80.957,33.958,96.429,112,1.315,4.416,116.474,0.0,100.0,39,inf,19.094,291.725,33.958,97.351,151,2.137,30.71,38.44,116.47
ETH-USDT-SWAP,1D,0.01,0.006,0.02,349.252,39.16,91.071,112,1.44,19.05,69.388,30.366,89.744,39,1.523,11.375,660.98,39.16,90.728,151,1.475,58.39,183.64,69.39
ETH-USDT-SWAP,1D,0.01,0.006,0.03,790.307,36.571,94.643,112,1.999,43.108,301.512,9.545,97.436,39,14.862,49.428,3474.693,36.571,95.364,151,4.528,49.89,493.98,301.51
ETH-USDT-SWAP,1D,0.01,0.008,0.015,637.095,39.61,83.036,112,1.382,34.751,127.083,33.947,82.051,39,1.699,20.833,1573.815,39.61,82.781,151,1.524,214.5,134.37,127.08
