timestamp,open,high,low,close,volume,volume_ccy,volume_ccy_quote,confirm
1779084000000,2117.52,2120.3,2108.01,2117.93,1692465.72,169246.572,357867773.31317,1
1779087600000,2117.94,2123,2110.7,2119.52,1075640.34,107564.034,227809101.59746,1
1779091200000,2119.53,2122.86,2116.33,2120.16,594385.67,59438.567,126003987.06724,1
1779094800000,2120.15,2120.52,2114.67,2115.89,461780.16,46178.016,97751321.34935,1
1779098400000,2115.88,2116.66,2111.5,2113.5,807303.38,80730.338,170675414.06326,1
1779102000000,2113.51,2139.76,2109.19,2133.11,2622375.86,262237.586,558064531.02541,1
1779105600000,2133.11,2156.71,2133.11,2150,3476763.05,347676.305,746364405.5923,1
1779109200000,2150,2150.64,2119.06,2130.06,3756796.59,375679.659,801394144.70701,1
1779112800000,2130.05,2130.2,2096.17,2109.41,4417136,441713.6,933441485.75833,1
1779116400000,2109.41,2110.66,2091.78,2106.72,3377016.37,337701.637,709500344.99502,1
1779120000000,2106.72,2110.93,2088.9,2096.87,2210548.84,221054.884,463904370.35115,1
1779123600000,2096.86,2109.61,2094.19,2107.3,982140.74,98214.074,206699340.58954,1
1779127200000,2107.3,2108.34,2076.01,2080.17,3067643.1,306764.31,640004505.76164,1
1779130800000,2080.17,2127.94,2078.1,2124.4,3911999.6,391199.96,824693948.40015,1
1779134400000,2124.41,2130.6,2113.69,2116.61,1188892.06,118889.206,252308979.99273,1
1779138000000,2116.6,2142,2113.32,2136.12,1279601.09,127960.109,272658533.24072,1
1779141600000,2136.13,2142,2128.49,2134.5,916226.23,91622.623,195669361.81704,1
1779145200000,2134.51,2137.95,2126.22,2129.03,610096.56,61009.656,130049024.7112,1
1779148800000,2129.03,2146.61,2127.16,2134.98,1118197.5,111819.75,238980276.10298,1
1779152400000,2134.97,2137.28,2122.22,2123.92,1242304.02,124230.402,264410697.37906,1
1779156000000,2123.91,2135,2118.21,2122.3,1324839.72,132483.972,281540015.95725,1
1779159600000,2122.29,2133.84,2121.13,2130.62,703965.65,70396.565,149856442.84659,1
1779163200000,2130.62,2136,2126.81,2132.64,764597.3,76459.73,163030447.36297,1
1779166800000,2132.63,2136.49,2122.42,2134.02,1062457.35,106245.735,226357625.14676,1
1779170400000,2134.03,2139.38,2131.2,2136.33,694825.3,69482.53,148391515.08439,1
1779174000000,2136.33,2144,2134.11,2139.85,894867.35,89486.735,191448338.09123,1
1779177600000,2139.86,2140.58,2129.61,2132.27,1002804.15,100280.415,214081540.25438,1
1779181200000,2132.27,2133.26,2110.3,2113.65,2378643.71,237864.371,504116606.03939,1
1779184800000,2113.66,2121.49,2105.6,2117.74,2047070.78,204707.078,432668779.08523,1
1779188400000,2117.74,2119.63,2108.28,2109.97,855867.59,85586.759,180910986.33798,1
1779192000000,2109.97,2118.8,2107.76,2117.51,661669.84,66166.984,139918846.76084,1
1779195600000,2117.5,2126.82,2106.61,2118.04,3041618.28,304161.828,643729527.69501,1
1779199200000,2118.04,2122.73,2092.4,2105.69,4067830.02,406783.002,856577505.83136,1
1779202800000,2105.68,2112.99,2102.59,2109.28,1290635.71,129063.571,272136243.09457,1
1779206400000,2109.28,2121.36,2106.02,2119.99,1301704.59,130170.459,275265426.31435,1
1779210000000,2120,2124.34,2111.68,2114.86,1071476.44,107147.644,226985510.37056,1
1779213600000,2114.86,2118.8,2109.72,2114.05,573888.24,57388.824,121324989.28739,1
1779217200000,2114.06,2122.21,2109.32,2112.39,677472.68,67747.268,143275021.58176,1
1779220800000,2112.38,2118,2111.5,2117.39,217086.4,21708.64,45920741.21347,1
1779224400000,2117.4,2119.8,2115.85,2116.23,209815.27,20981.527,44434399.1272,1
1779228000000,2116.23,2116.23,2101.5,2105.27,847601.89,84760.189,178624550.88725,1
1779231600000,2105.28,2117.83,2103.63,2110.93,765742.89,76574.289,161749357.33849,1
1779235200000,2110.93,2115.86,2102.37,2110.56,916566.77,91656.677,193233706.05992,1
1779238800000,2110.55,2118.26,2102.21,2114.2,1068781.55,106878.155,225520033.17602,1
1779242400000,2114.2,2116.29,2105.3,2108.54,591211.92,59121.192,124743639.03986,1
1779246000000,2108.53,2115.36,2105.13,2110.73,528139.38,52813.938,111463469.37885,1
1779249600000,2110.74,2113.9,2106.2,2112.38,392832.77,39283.277,82919566.46385,1
1779253200000,2112.39,2129.66,2112.38,2124.66,1902722.87,190272.287,403931965.44358,1
1779256800000,2124.65,2133.36,2124.39,2132.91,1005606.15,100560.615,214119164.8248,1
1779260400000,2132.91,2135.53,2127.01,2128.6,1021785.53,102178.553,217735373.19224,1
1779264000000,2128.59,2137.14,2126.7,2130.46,1197012.42,119701.242,255201291.48258,1
1779267600000,2130.45,2132,2126.5,2128.38,575860.78,57586.078,122610219.67265,1
1779271200000,2128.38,2135.95,2128.37,2129.55,661211.27,66121.127,140977580.72823,1
1779274800000,2129.55,2131,2123.13,2127.32,786726.49,78672.649,167338386.85868,1
1779278400000,2127.31,2139.63,2125.88,2133,944685.8,94468.58,201406060.77446,1
1779282000000,2133,2134.53,2113.85,2119.96,2471895.56,247189.556,524631883.89923,1
1779285600000,2119.96,2139,2112.35,2134.01,3005361.98,300536.198,640012338.98115,1
1779289200000,2134,2148.57,2128,2135.88,2659866.13,265986.613,569114163.84665,1
1779292800000,2135.87,2139.83,2123,2134.36,1482284.23,148228.423,315908328.82039,1
1779296400000,2134.35,2148,2131.04,2139.34,1513734.24,151373.424,324142856.86328,1
1779300000000,2139.34,2140.33,2130.01,2131.24,876533.99,87653.399,187153468.33301,1
1779303600000,2131.23,2141.29,2128.06,2138.42,756688,75668.8,161588958.3028,1
1779307200000,2138.41,2140,2128.28,2135.01,695926.65,69592.665,148533522.67368,1
1779310800000,2135.01,2137.81,2129.6,2129.94,251832.52,25183.252,53716845.18312,1
1779314400000,2129.93,2129.93,2117.31,2127.19,976124.57,97612.457,207241389.43198,1
1779318000000,2127.2,2129.64,2121.57,2128.66,406174.15,40617.415,86347167.94744,1
1779321600000,2128.67,2144.3,2127.61,2142.01,963431.65,96343.165,205853138.31678,1
1779325200000,2142,2158.07,2138.19,2140.17,2108011.28,210801.128,452487605.48298,1
1779328800000,2140.18,2147.32,2138.64,2140.93,615450.55,61545.055,131915449.43566,1
1779332400000,2140.94,2146.18,2139.85,2144.9,374274.02,37427.402,80220662.19756,1
1779336000000,2144.9,2148.34,2141.64,2143.91,409174.71,40917.471,87757474.23095,1
1779339600000,2143.91,2147.22,2131.67,2135.64,892502.57,89250.257,190909416.49884,1
1779343200000,2135.64,2137.84,2126.7,2127.85,1191798.52,119179.852,254053253.8203,1
1779346800000,2127.85,2136.31,2123.03,2134.05,1306077.73,130607.773,278079727.98637,1
1779350400000,2134.04,2147.73,2134,2137.01,1706426.62,170642.662,365345488.00353,1
1779354000000,2137,2139.9,2126.78,2127.12,990202.1,99020.21,211078082.29964,1
1779357600000,2127.12,2129.45,2108.62,2113.49,3261604.23,326160.423,690477025.63304,1
1779361200000,2113.49,2119.14,2110.85,2114.2,898193.51,89819.351,189998508.47414,1
1779364800000,2114.2,2118.87,2111.23,2116.32,956168.75,95616.875,202229794.7759,1
1779368400000,2116.32,2124.22,2103.18,2119.51,2553767.36,255376.736,539767304.7012,1
1779372000000,2119.5,2124.91,2109.19,2121.14,1890422.36,189042.236,400552707.41082,1
1779375600000,2121.14,2137.5,2118.13,2131.36,2483943.45,248394.345,529198226.37705,1
1779379200000,2131.35,2135.45,2121.56,2126.95,1119102.23,111910.223,238194841.61784,1
1779382800000,2126.95,2153,2124.95,2145.76,3493449.89,349344.989,748474182.63371,1
1779386400000,2145.77,2147.2,2120,2126.19,2124855.54,212485.554,453289468.73979,1
1779390000000,2126.18,2145.2,2125.58,2142.09,1151596.67,115159.667,245852722.00106,1
1779393600000,2142.1,2142.72,2136.14,2137.87,475969.6,47596.96,101825663.18649,1
1779397200000,2137.87,2140.26,2133.17,2134.63,302045.09,30204.509,64537386.30069,1
1779400800000,2134.63,2136.13,2129.63,2130.7,388046.66,38804.666,82755782.39002,1
1779404400000,2130.69,2136.28,2126.06,2132.91,500313.67,50031.367,106662989.14495,1
1779408000000,2132.9,2134.35,2128.12,2128.32,467533.11,46753.311,99634541.08494,1
1779411600000,2128.33,2136.44,2124.59,2134.98,608648.09,60864.809,129659579.87839,1
1779415200000,2134.99,2139.2,2132.86,2136.95,532764.78,53276.478,113820841.13567,1
1779418800000,2136.95,2140.61,2134.09,2137.08,330369.59,33036.959,70608985.52345,1
1779422400000,2137.09,2140.58,2131.56,2132.83,536833.88,53683.388,114670995.65262,1
1779426000000,2132.83,2135.28,2126.43,2128.57,619632.33,61963.233,132034765.57413,1
1779429600000,2128.57,2130.33,2123.04,2124.98,835895.74,83589.574,177771166.60384,1
1779433200000,2124.97,2132,2121.22,2127.6,817802.54,81780.254,173958075.49228,1
1779436800000,2127.61,2132.8,2119,2121.65,1157331.76,115733.176,245922584.76975,1
1779440400000,2121.65,2124.74,2118.26,2123.18,792526.78,79252.678,168120330.5105,1
1779444000000,2123.17,2124.86,2120.26,2122.43,297330.4,29733.04,63117482.08003,1
1779447600000,2122.43,2129.99,2119.2,2129.71,679712.11,67971.211,144477186.16282,1
1779451200000,2129.71,2137.42,2128.12,2133.91,1104653.19,110465.319,235558123.56847,1
1779454800000,2133.91,2134.5,2122.65,2129.04,1264792.41,126479.241,269237762.91439,1
1779458400000,2129.04,2129.04,2111.2,2116,2105175.72,210517.572,446056313.2109,1
1779462000000,2116,2124.99,2111.11,2118.72,1508125.46,150812.546,319505857.25424,1
1779465600000,2118.72,2123.22,2117.31,2122.13,558503.35,55850.335,118404121.80282,1
1779469200000,2122.13,2129.59,2118.32,2118.8,1240420.98,124042.098,263438502.8133,1
1779472800000,2118.8,2120.89,2083,2099.21,3944221.45,394422.145,828552594.44092,1
1779476400000,2099.22,2102.42,2055.58,2064.72,5749845.13,574984.513,1191316401.8281,1
1779480000000,2064.72,2078,2063.52,2072.36,1685335.11,168533.511,349289399.06063,1
1779483600000,2072.36,2078.8,2070.63,2077.2,606917.8,60691.78,125928530.25097,1
1779487200000,2077.2,2078.79,2065,2071.89,816783.58,81678.358,169215473.7183,1
1779490800000,2071.9,2076.46,2055.8,2065.14,1252541,125254.1,258795715.1444,1
1779494400000,2065.15,2069.8,2050.34,2064.01,1801520.74,180152.074,371410729.47432,1
1779498000000,2064.01,2069.63,2062,2068.11,646506.78,64650.678,133590776.00909,1
1779501600000,2068.12,2069.82,2063.8,2067.43,392034.86,39203.486,81027280.16077,1
1779505200000,2067.42,2071.33,2067.24,2070.02,381046.24,38104.624,78860571.12208,1
1779508800000,2070.02,2070.21,2064.5,2066.2,424025.67,42402.567,87656507.9585,1
1779512400000,2066.2,2067.05,2061,2064.16,451346.95,45134.695,93166950.94513,1
1779516000000,2064.16,2064.94,2059.63,2061,428126.11,42812.611,88274158.80494,1
1779519600000,2060.99,2062.41,2006.47,2027.74,7291741.83,729174.183,1480972318.71773,1
1779523200000,2027.74,2031.45,2020.2,2029.51,2122967.14,212296.714,430235204.88693,1
1779526800000,2029.5,2030.31,2026.17,2026.5,622060.78,62206.078,126177402.57305,1
1779530400000,2026.5,2032.78,2026.04,2030.5,462775.32,46277.532,93936778.90587,1
1779534000000,2030.49,2034.67,2029.41,2030.29,566800.37,56680.037,115179613.11812,1
1779537600000,2030.3,2031.08,2026.14,2030.1,406812.99,40681.299,82538458.68152,1
1779541200000,2030.1,2045.29,2030.01,2043.64,2216560.12,221656.012,452252597.25203,1
1779544800000,2043.64,2064.81,2039.55,2060.39,2494539.7,249453.97,511962501.72283,1
1779548400000,2060.39,2067.81,2054.67,2059.46,2134878.19,213487.819,439988097.98562,1
1779552000000,2059.47,2064.24,2056.14,2060.61,844315.13,84431.513,173970515.01961,1
1779555600000,2060.61,2064.5,2058.3,2063.02,481251.97,48125.197,99220306.93201,1
1779559200000,2063.02,2082.69,2062.47,2073.32,2287797.79,228779.779,474773685.67158,1
1779562800000,2073.32,2080,2068.63,2076.55,748493.43,74849.343,155287806.37333,1
1779566400000,2076.56,2146.45,2073.5,2145.22,6487253.26,648725.326,1371952766.80325,1
1779570000000,2145.22,2149.37,2102.04,2115.99,3432138.68,343213.868,728663325.64442,1
1779573600000,2116,2119.35,2102.24,2115.57,1119894.46,111989.446,236446881.59739,1
1779577200000,2115.56,2120.75,2113.24,2116.72,569582.36,56958.236,120603911.55981,1
1779580800000,2116.72,2120.54,2111.35,2118.37,520214.38,52021.438,110074809.8035,1
1779584400000,2118.38,2124.53,2117.11,2121.44,625917.65,62591.765,132747623.41136,1
1779588000000,2121.43,2124.5,2117.12,2121.54,468511.67,46851.167,99390648.6822,1
1779591600000,2121.54,2126.58,2115.36,2118.16,596002.98,59600.298,126374582.28404,1
1779595200000,2118.16,2122.71,2118.16,2119.11,260945.77,26094.577,55332696.87031,1
1779598800000,2119.1,2120.59,2112.63,2119.03,609081.06,60908.106,128895832.46737,1
1779602400000,2119.03,2129.39,2116.26,2127.14,742412.44,74241.244,157625349.05295,1
1779606000000,2127.15,2128.99,2118.57,2120.26,522966.64,52296.664,111026252.88126,1
1779609600000,2120.26,2122.72,2118.24,2119.6,391162.35,39116.235,82926747.21872,1
1779613200000,2119.59,2123.64,2118.27,2122.58,434935.36,43493.536,92265169.21556,1
1779616800000,2122.58,2131.46,2118.42,2121.49,896389.39,89638.939,190310564.36572,1
1779620400000,2121.49,2126.67,2121.34,2124.99,490815.6,49081.56,104276195.01725,1
1779624000000,2125,2125.74,2116.02,2119.16,737140.93,73714.093,156242253.28424,1
1779627600000,2119.17,2120.25,2105.04,2109.46,1380163.29,138016.329,291536633.69971,1
1779631200000,2109.47,2111.86,2077.63,2097.4,4458792.79,445879.279,933636242.41858,1
1779634800000,2097.39,2099.34,2093,2095.07,636115.43,63611.543,133333237.78191,1
1779638400000,2095.06,2108.58,2094.2,2102.81,1353221.59,135322.159,284318831.30218,1
1779642000000,2102.82,2105.79,2100.37,2102.01,371134.16,37113.416,78052451.43335,1
1779645600000,2102,2104,2096.63,2099.01,350330.6,35033.06,73569774.12251,1
1779649200000,2099.01,2101.88,2095.23,2099.87,344944.16,34494.416,72372866.28048,1
1779652800000,2099.88,2101.26,2090.53,2092.21,572312.36,57231.236,119869729.83745,1
1779656400000,2092.21,2098.19,2060.59,2069.76,2404291.44,240429.144,499029078.04628,1
1779660000000,2069.77,2098.68,2069.35,2091.47,1877763.35,187776.335,392398237.45163,1
1779663600000,2091.47,2106.63,2090.39,2099.01,1006165.81,100616.581,211186436.04954,1
1779667200000,2099,2108.88,2098.8,2104.31,740467.75,74046.775,155811234.24063,1
1779670800000,2104.32,2107.28,2091.82,2093.5,745641.95,74564.195,156622442.08154,1
1779674400000,2093.5,2112.93,2093.5,2097.43,1202898.37,120289.837,253018342.2921,1
1779678000000,2097.44,2099.3,2091.13,2094.71,522616.95,52261.695,109502751.03374,1
1779681600000,2094.71,2107.42,2091.38,2105.11,914391.33,91439.133,192001121.46682,1
1779685200000,2105.1,2110.86,2103.35,2107.18,832489.55,83248.955,175489341.27552,1
1779688800000,2107.18,2110.48,2098.19,2108,1034606.82,103460.682,217690468.2788,1
1779692400000,2108,2118.08,2104.57,2115.29,1494650.32,149465.032,315547784.26035,1
1779696000000,2115.29,2116.9,2110.53,2115.82,507419.98,50741.998,107247607.61623,1
1779699600000,2115.81,2123.54,2114.8,2115.58,1073926.27,107392.627,227516799.69801,1
1779703200000,2115.59,2120.21,2113.6,2115.84,512250.34,51225.034,108389071.34177,1
1779706800000,2115.83,2119.48,2112.55,2113.84,595772.26,59577.226,126049515.81177,1
1779710400000,2113.85,2118.56,2110.96,2116.12,700384.53,70038.453,148088183.8194,1
1779714000000,2116.12,2118.96,2113.29,2115.34,394699.09,39469.909,83496413.90093,1
1779717600000,2115.34,2129.79,2114.79,2127.53,1755395.06,175539.506,372819822.61953,1
1779721200000,2127.54,2137.99,2121.68,2126.12,1946405.97,194640.597,414438506.70279,1
1779724800000,2126.12,2141.42,2123.67,2135.53,1284367.76,128436.776,273864504.26992,1
1779728400000,2135.53,2139.97,2127.28,2127.89,950107.57,95010.757,202716924.32718,1
1779732000000,2127.89,2133.2,2125.27,2125.9,509957.11,50995.711,108570100.614,1
1779735600000,2125.91,2126.25,2115.31,2120.36,885753.39,88575.339,187843094.85313,1
1779739200000,2120.35,2122.28,2106.12,2107.75,1000945.82,100094.582,211552766.32034,1
1779742800000,2107.74,2112.2,2106.73,2110,474789.87,47478.987,100167085.89254,1
1779746400000,2110,2114.78,2101.3,2102.69,928051.69,92805.169,195567585.24833,1
1779750000000,2102.68,2113,2101.4,2111.81,527619.34,52761.934,111249705.10852,1
1779753600000,2111.81,2113.09,2083.68,2096.6,2006291.44,200629.144,420602307.3608,1
1779757200000,2096.6,2099.68,2087,2093.27,1195933.27,119593.327,250354257.39113,1
1779760800000,2093.28,2094.92,2083.36,2088.05,925943.98,92594.398,193439931.17386,1
1779764400000,2088.06,2093.3,2083.51,2092.49,778311.3,77831.13,162590249.96623,1
1779768000000,2092.49,2095.5,2087.71,2092.67,608494.51,60849.451,127297581.18311,1
1779771600000,2092.68,2102.68,2090.8,2099.81,842164.38,84216.438,176714783.31733,1
1779775200000,2099.81,2103.81,2094,2100.98,568205.86,56820.586,119273946.19197,1
1779778800000,2100.97,2101.67,2089.28,2094.31,1013926.25,101392.625,212399570.49968,1
1779782400000,2094.32,2099,2094,2096.33,318339,31833.9,66747877.538,1
1779786000000,2096.32,2098.78,2093,2095.59,353951.67,35395.167,74177259.24684,1
1779789600000,2095.59,2136.6,2093.3,2126.71,4465416.67,446541.667,947906203.20945,1
1779793200000,2126.7,2130.88,2117.19,2119.83,1733309.53,173330.953,368048244.95164,1
1779796800000,2119.83,2126.1,2110.12,2125.65,1764295.05,176429.505,373456958.59871,1
1779800400000,2125.65,2130.94,2108.24,2124.27,2702012.34,270201.234,572572465.178,1
1779804000000,2124.28,2139.62,2104.07,2108.32,4695584.84,469558.484,996040140.67349,1
1779807600000,2108.32,2111.22,2077,2086.31,4604430.37,460443.037,963703390.56942,1
1779811200000,2086.31,2089.3,2072.09,2078.7,2539417.26,253941.726,528216187.30675,1
1779814800000,2078.71,2083.25,2054,2069.67,3696131.48,369613.148,763653278.2015,1
1779818400000,2069.67,2080.7,2065.37,2068.08,1448633.13,144863.313,300345716.97574,1
1779822000000,2068.08,2076.27,2064.62,2073.74,594123.68,59412.368,123038716.93312,1
1779825600000,2073.75,2077.74,2072.91,2077.55,384987.35,38498.735,79894224.49853,1
1779829200000,2077.55,2077.93,2068.3,2072.1,405724.93,40572.493,84156713.29018,1
1779832800000,2072.1,2075.7,2064.82,2067.99,641875.31,64187.531,132840121.03191,1
1779836400000,2068,2076.16,2067.99,2072.99,407102.75,40710.275,84396632.95049,1
1779840000000,2073,2083.93,2072.68,2082.53,818703.55,81870.355,170204597.44581,1
1779843600000,2082.53,2083.12,2070.52,2073.57,817302.55,81730.255,169598311.41374,1
1779847200000,2073.57,2075.3,2067.81,2075.29,642228.28,64222.828,132987889.93101,1
1779850800000,2075.3,2079.59,2067.77,2069,828671.62,82867.162,171858466.97802,1
1779854400000,2069.01,2072.49,2055.31,2071.24,1737119.06,173711.906,358550237.38921,1
1779858000000,2071.24,2078.8,2070.54,2076.18,866161.7,86616.17,179668547.24458,1
1779861600000,2076.19,2080.4,2073.74,2078.69,839557.71,83955.771,174420744.83851,1
1779865200000,2078.69,2083.46,2074.39,2082.71,900980.78,90098.078,187336836.55166,1
1779868800000,2082.72,2095.93,2082.49,2084,2414060.85,241406.085,504247886.54277,1
1779872400000,2084,2087.2,2077.44,2082.55,1192478.79,119247.879,248237409.92938,1
1779876000000,2082.55,2087.24,2078.3,2078.7,625382.02,62538.202,130230899.1574,1
1779879600000,2078.7,2084.42,2077.34,2079.74,702328,70232.8,146161223.36419,1
1779883200000,2079.73,2096.78,2073.27,2077.8,2299071.86,229907.186,479101588.99481,1
1779886800000,2077.81,2080,2051,2063.85,3699206.72,369920.672,763224648.59003,1
1779890400000,2063.86,2071.18,2053.9,2061.89,2362541.42,236254.142,487042128.83889,1
1779894000000,2061.88,2079.18,2060.4,2070.82,2004360.76,200436.076,415114840.43801,1
1779897600000,2070.82,2073.84,2058.79,2069.34,1147300.3,114730.03,236987459.27416,1
1779901200000,2069.33,2069.56,2042.9,2051.5,2398107.8,239810.78,492476560.23945,1
1779904800000,2051.5,2056.3,2042.44,2055.89,1256635.69,125663.569,257608598.76755,1
1779908400000,2055.89,2060.58,2053.49,2056.88,629856.33,62985.633,129556411.54998,1
1779912000000,2056.89,2065.8,2056.52,2062.31,527534.31,52753.431,108736352.43631,1
1779915600000,2062.3,2062.3,2014.34,2020.44,2892946.72,289294.672,587496456.83657,1
1779919200000,2020.45,2034.4,2015,2024.63,1935276.54,193527.654,392138378.56103,1
1779922800000,2024.63,2029.53,2017.2,2024.02,1283567.76,128356.776,259610451.15312,1
1779926400000,2024.02,2028.65,2020,2027.62,795867.02,79586.702,161129585.36423,1
1779930000000,2027.62,2028.5,2011.23,2019.73,1702092.5,170209.25,343691004.68037,1
1779933600000,2019.72,2021.26,2013.76,2016.91,787715.64,78771.564,158942158.18968,1
1779937200000,2016.9,2020.27,1965.28,1980.87,7818602.33,781860.233,1554706659.55658,1
1779940800000,1980.86,1985.74,1966.05,1981.31,2930658.02,293065.802,579487396.53393,1
1779944400000,1981.31,1982.44,1974.6,1978,1047168.7,104716.87,207123852.1823,1
1779948000000,1977.99,1984.04,1970.8,1983.25,1253774.06,125377.406,247982200.92936,1
1779951600000,1983.25,1996,1981.51,1994.3,1586475.84,158647.584,315741732.11475,1
1779955200000,1994.31,1995.23,1983.76,1987.2,1085656.8,108565.68,215922469.28403,1
1779958800000,1987.2,1994.4,1983.02,1992.99,863221.43,86322.143,171825425.96288,1
1779962400000,1993,1997.76,1987.05,1989.27,1024632.42,102463.242,204185810.1257,1
1779966000000,1989.28,1991.96,1985.31,1989,781718.7,78171.87,155474453.19265,1
1779969600000,1989,1993.9,1980.07,1991.19,1240952.19,124095.219,246560691.13704,1
1779973200000,1991.19,1994.5,1974.1,1980.67,2693126.63,269312.663,533678827.10351,1
1779976800000,1980.67,2001.76,1966.01,1992.34,5294527.99,529452.799,1051927185.51848,1
1779980400000,1992.34,1998.4,1982.7,1989.57,1588959.65,158895.965,316284819.97636,1
1779984000000,1989.56,2014.89,1984,2012.48,2920411.53,292041.153,584635755.19716,1
1779987600000,2012.48,2026.4,2008.02,2018.27,2205095.04,220509.504,444761049.24148,1
1779991200000,2018.28,2029.49,2017,2023.9,1264188.38,126418.838,255817684.14805,1
1779994800000,2023.9,2024,2013.09,2013.86,981870.51,98187.051,198204884.76902,1
1779998400000,2013.86,2019.43,2005.65,2013.41,1461936,146193.6,294234126.83029,1
1780002000000,2013.41,2023.82,2012.63,2019.02,473836.92,47383.692,95698839.38014,1
1780005600000,2019.01,2022.06,2004.02,2004.76,749900.4,74990.04,150758418.99376,1
1780009200000,2004.76,2011.91,2004.75,2009.05,556712.26,55671.226,111801203.43034,1
1780012800000,2009.05,2016.5,2009.05,2011.65,621520.8,62152.08,125145400.10317,1
1780016400000,2011.65,2015.59,2005.1,2007.36,671447.29,67144.729,134900668.54008,1
1780020000000,2007.36,2009.84,1995.89,1998.31,1222023.53,122202.353,244625099.26273,1
1780023600000,1998.32,2007,1998.32,2001.88,494475.03,49447.503,99058144.47975,1
1780027200000,2001.87,2007.73,1997.4,2007.48,684648.97,68464.897,137127231.61751,1
1780030800000,2007.48,2015,2007.02,2013.41,1053305.88,105330.588,211833304.51324,1
1780034400000,2013.41,2020.71,2011.07,2017.14,1139698.07,113969.807,229756401.96752,1
1780038000000,2017.15,2019,2002.51,2006.77,1622668.83,162266.883,325969569.98781,1
1780041600000,2006.77,2013,2004.65,2005.64,982880.88,98288.088,197450533.13078,1
1780045200000,2005.64,2015.2,2005.3,2013.74,808960.75,80896.075,162740679.26165,1
1780048800000,2013.74,2013.91,2008.45,2010.1,503772.92,50377.292,101303774.00922,1
1780052400000,2010.11,2013.58,2001.2,2006.42,815355.69,81535.569,163642682.19377,1
1780056000000,2006.43,2006.43,1994.01,1998.8,1573549.44,157354.944,314664593.84442,1
1780059600000,1998.8,2005.36,1986.68,1998.69,2267818.63,226781.863,452622692.86225,1
1780063200000,1998.7,2003.3,1975.35,2000.79,4093367.83,409336.783,814570043.125,1
1780066800000,2000.8,2045.55,1998.25,2030.87,8336919.54,833691.954,1689585979.60957,1
1780070400000,2030.88,2042.58,2021.21,2039.53,3132276.43,313227.643,637001267.42763,1
1780074000000,2039.53,2043.34,2025.11,2027.4,1722060.26,172206.026,350434984.32204,1
1780077600000,2027.4,2030.88,2005,2010.56,2338880.85,233888.085,471935697.38563,1
1780081200000,2010.55,2021.55,2003.56,2016.02,1384568.68,138456.868,278844831.92065,1
1780084800000,2016.02,2023,2013.64,2017.48,700997.04,70099.704,141503347.91626,1
1780088400000,2017.47,2023.36,2007,2008.75,622619.3,62261.93,125350888.05472,1
1780092000000,2008.75,2016.87,2006.8,2012.84,526654.3,52665.43,105944018.79045,1
1780095600000,2012.84,2014.91,2005.43,2013.44,750951.19,75095.119,150959486.00257,1
1780099200000,2013.44,2015.5,2009.66,2013.95,401261.46,40126.146,80789530.09322,1
1780102800000,2013.94,2020.8,2012.6,2018.65,573449.38,57344.938,115723865.504,1
1780106400000,2018.64,2020.47,2016.1,2020.47,292763.8,29276.38,59102985.03263,1
1780110000000,2020.47,2022.7,2014,2015.77,558520.95,55852.095,112715672.38193,1
1780113600000,2015.78,2017.65,2000.78,2010.18,1523144.53,152314.453,305824586.33721,1
1780117200000,2010.17,2018.19,2007.16,2014.92,845421.84,84542.184,170275986.73794,1
1780120800000,2014.91,2019.99,2011.67,2016.01,512891.48,51289.148,103406936.0344,1
1780124400000,2016.01,2016.9,2012.52,2015.31,286613.45,28661.345,57732080.25479,1
1780128000000,2015.32,2015.32,2012.77,2013.42,149748.68,14974.868,30158185.14789,1
1780131600000,2013.43,2016.44,2012.88,2015.75,272063.63,27206.363,54823056.1457,1
1780135200000,2015.74,2021.8,2015.4,2017.1,635354.34,63535.434,128255107.87254,1
1780138800000,2017.1,2018.44,2014.22,2016.6,274797.22,27479.722,55408479.8913,1
1780142400000,2016.6,2019.42,2016.09,2019.01,239928.46,23992.846,48407319.89022,1
1780146000000,2019.01,2021.99,2016.33,2019.92,530905.19,53090.519,107195915.82918,1
1780149600000,2019.92,2029.99,2019.47,2025.74,1276959.83,127695.983,258634339.88978,1
1780153200000,2025.74,2031.51,2023.16,2025.69,691817.96,69181.796,140194960.79345,1
1780156800000,2025.69,2027.44,2023.58,2026.14,365178.73,36517.873,73959650.75042,1
1780160400000,2026.13,2028,2018.58,2026.21,742186.1,74218.61,150190593.69593,1
1780164000000,2026.2,2029.29,2023.62,2026.58,326298.05,32629.805,66123966.76881,1
1780167600000,2026.58,2028.14,2023.89,2027.72,302540.11,30254.011,61288944.5895,1
1780171200000,2027.71,2028.6,2024.79,2026.03,158892.34,15889.234,32208367.56943,1
1780174800000,2026.04,2030.5,2026.03,2027.57,230601.92,23060.192,46781108.89244,1
1780178400000,2027.58,2027.58,2019.74,2022.51,393048.63,39304.863,79502486.80428,1
1780182000000,2022.5,2025.3,2019.2,2021.41,358435.32,35843.532,72448818.15362,1
1780185600000,2021.41,2027,2019.75,2026.03,347311.09,34731.109,70297107.62728,1
1780189200000,2026.03,2033.44,2025.66,2028.27,764218.4,76421.84,155125380.8448,1
1780192800000,2028.28,2037.4,2026.89,2033.36,1081867.24,108186.724,219805242.50532,1
1780196400000,2033.36,2036,2031.05,2032.44,375891.95,37589.195,76443050.45378,1
1780200000000,2032.45,2034.2,2030.36,2032.78,222271.77,22227.177,45168693.24879,1
1780203600000,2032.78,2032.99,2028.44,2029.41,217784.01,21778.401,44219248.64469,1
1780207200000,2029.4,2030.18,2027.68,2029,234786.51,23478.651,47636498.60114,1
1780210800000,2029,2029,2021.66,2023.12,645276.96,64527.696,130619942.11931,1
1780214400000,2023.12,2028.51,2022,2026.8,609070.29,60907.029,123344804.62595,1
1780218000000,2026.8,2027.39,2017.5,2020.35,658556.29,65855.629,133188498.95423,1
1780221600000,2020.35,2020.99,2014.01,2020.29,1113333.14,111333.314,224585298.09408,1
1780225200000,2020.29,2023.62,2020.06,2022.32,375757.64,37575.764,75968623.71728,1
1780228800000,2022.33,2024.31,2018.22,2021.41,438578.18,43857.818,88657293.35076,1
1780232400000,2021.41,2025.58,2018.56,2019.39,420315.96,42031.596,85008491.58808,1
1780236000000,2019.39,2020.46,2004.5,2007.05,2376271.89,237627.189,477579638.43714,1
1780239600000,2007.05,2014.25,2006.29,2009.36,974945.42,97494.542,195980663.1049,1
1780243200000,2009.35,2011.6,1997.02,2001.54,1586861.58,158686.158,317766060.20103,1
1780246800000,2001.54,2007.31,1995.89,2005.14,928368.57,92836.857,185901584.08303,1
1780250400000,2005.13,2005.47,1998.28,1999.86,519281.61,51928.161,103942952.61044,1
1780254000000,1999.86,2002.03,1992.27,1999,629830.98,62983.098,125717747.84776,1
1780257600000,1999.01,2008.93,1998.96,2006.57,609707.45,60970.745,122119413.94645,1
1780261200000,2006.57,2013.9,2004.35,2011.49,859475.9,85947.59,172724514.68884,1
1780264800000,2011.49,2013.67,2003.16,2011.76,653750.8,65375.08,131369948.3181,1
1780268400000,2011.76,2022.4,1999.12,2006.39,1186153.69,118615.369,238475454.89212,1
1780272000000,2006.4,2020.83,2005.33,2014.71,1225056.8,122505.68,246677759.45999,1
1780275600000,2014.7,2016.16,1993.5,1994.19,1415443.55,141544.355,283425013.83113,1
1780279200000,1994.19,2017.21,1990.03,2010.63,1695630.93,169563.093,339993055.36361,1
1780282800000,2010.62,2017.61,2007.62,2008.19,947766.24,94776.624,190778371.61018,1
1780286400000,2008.19,2011.17,1992.98,1999.08,1499802.77,149980.277,299898488.0649,1
1780290000000,1999.09,2000.7,1990.62,1993.86,901111.67,90111.167,179818079.62478,1
1780293600000,1993.86,1994.58,1978.9,1987.06,2451118.73,245111.873,486842943.68657,1
1780297200000,1987.07,1989.99,1970.12,1975.53,2052058.55,205205.855,406185049.50979,1
1780300800000,1975.52,1984.66,1971.17,1983.21,1392870.1,139287.01,275481015.00431,1
1780304400000,1983.22,1989.58,1982.89,1986.81,979184.85,97918.485,194503659.51422,1
1780308000000,1986.81,1988.08,1979.61,1983.76,872599.51,87259.951,173113621.23757,1
1780311600000,1983.77,1986.03,1975.36,1980.6,683229.29,68322.929,135359446.9063,1
1780315200000,1980.6,1993.83,1966,1988.49,3013083.85,301308.385,596648620.58158,1
1780318800000,1988.5,1989.42,1955,1970.59,4914763.62,491476.362,968701691.7789,1
1780322400000,1970.63,1976.7,1963.5,1968,1845758.45,184575.845,363440850.28675,1
1780326000000,1967.99,1979.79,1958.87,1967.73,2288339.55,228833.955,450637588.56693,1
1780329600000,1967.73,1978.35,1957.01,1977.49,2031733.76,203173.376,399857354.48646,1
1780333200000,1977.48,1995.93,1977.02,1989.68,2461106.59,246110.659,489185349.73582,1
1780336800000,1989.68,1994.96,1982.54,1991.65,1023374.21,102337.421,203576617.6085,1
1780340400000,1991.64,2008,1991,2003.92,1221925.95,122192.595,244484600.88764,1
1780344000000,2003.91,2007.72,2000,2004.74,554353.6,55435.36,111086295.41684,1
1780347600000,2004.74,2008.53,1991.33,1993.63,961126.52,96112.652,191982478.72726,1
1780351200000,1993.62,2005.42,1983.53,2003.49,1415703.78,141570.378,282268768.3469,1
1780354800000,2003.5,2007.99,1996.7,2005.83,1000341.56,100034.156,200406178.19985,1
1780358400000,2005.84,2006,1994.23,1995.52,750205.8,75020.58,150012657.02146,1
1780362000000,1995.52,1998.49,1978.41,1979.55,1377727.38,137772.738,273833923.8805,1
1780365600000,1979.54,1996.81,1961.89,1996.2,3508007.42,350800.742,694472018.00139,1
1780369200000,1996.19,2004.25,1994.25,2003.09,1383300.7,138330.07,276641305.2025,1
1780372800000,2003.08,2005.85,1994.58,1996.01,1070432.87,107043.287,214104113.15718,1
1780376400000,1996,2000.5,1983.55,1984.21,1374440.39,137444.039,273649690.02256,1
1780380000000,1984.22,1988.41,1977.09,1981.75,1492489.64,149248.964,295942077.91155,1
1780383600000,1981.76,1989.31,1973.1,1981.08,1748870.75,174887.075,346542309.10621,1
1780387200000,1981.08,1988.85,1975.75,1978.68,1217035.36,121703.536,241126316.60414,1
1780390800000,1978.68,1979.24,1965.89,1974.55,2119819.9,211981.99,417985607.81139,1
1780394400000,1974.55,1983.19,1970.7,1982.66,1030146.24,103014.624,203732416.6282,1
1780398000000,1982.66,1983.08,1974.74,1977.65,646997.33,64699.733,128032111.84111,1
1780401600000,1977.65,1981.93,1971.18,1975.4,1340792.28,134079.228,265014957.90033,1
1780405200000,1975.4,1980.99,1970.02,1973.62,2178719.47,217871.947,430446711.62741,1
1780408800000,1973.63,1974.54,1923.56,1940.85,9464936.92,946493.692,1841542960.8127,1
1780412400000,1940.84,1941.13,1888,1914.12,9502584.96,950258.496,1817460045.91343,1
1780416000000,1914.12,1944.21,1908.78,1919.97,4223538.35,422353.835,813975014.02032,1
1780419600000,1919.97,1930.97,1918.47,1923.61,1155145.28,115514.528,222327186.19319,1
1780423200000,1923.62,1927.46,1901.3,1912.51,2039527.67,203952.767,390038539.53094,1
1780426800000,1912.53,1917.52,1878.32,1911.48,3644579.04,364457.904,691754969.37755,1
1780430400000,1911.49,1917.99,1894.52,1905.86,1595547.3,159554.73,303975448.92131,1
1780434000000,1905.87,1910.86,1896.2,1899.68,880358.8,88035.88,167637553.74168,1
1780437600000,1899.68,1908.8,1860.41,1867.65,4765356.57,476535.657,897859668.84075,1
1780441200000,1867.65,1872.64,1836.93,1858.82,4846887.74,484688.774,898805177.4564,1
1780444800000,1858.79,1874.23,1853.01,1866.23,2066991.75,206699.175,385641467.87966,1
1780448400000,1866.23,1869.24,1848.16,1863.54,2044311.13,204431.113,380026500.70568,1
1780452000000,1863.54,1864,1850.4,1853.61,1168797.5,116879.75,216945960.72363,1
1780455600000,1853.61,1856.25,1815.08,1827.22,5016281.32,501628.132,919606041.52888,1
1780459200000,1827.23,1851.52,1826.76,1849.92,2329906.32,232990.632,429063356.67699,1
1780462800000,1849.93,1875.77,1848.65,1872.28,3261694.6,326169.46,608592491.22695,1
1780466400000,1872.27,1883.4,1869.11,1870.92,2119260.61,211926.061,397475117.42184,1
1780470000000,1870.92,1879.57,1866.8,1877.45,1208520.47,120852.047,226551607.75658,1
1780473600000,1877.44,1882.81,1872.3,1879.07,1050506.03,105050.603,197182376.39084,1
1780477200000,1879.06,1886.94,1868.53,1875.59,1650566.42,165056.642,309902835.85141,1
1780480800000,1875.58,1892.79,1874.07,1883.91,1707597.61,170759.761,321924747.10045,1
1780484400000,1883.92,1887.94,1875.44,1877.49,965045.26,96504.526,181579361.11975,1
1780488000000,1877.5,1879.51,1867.06,1875.81,1461292.45,146129.245,273696972.56989,1
1780491600000,1875.81,1878.95,1860.55,1866.75,2192876.2,219287.62,409739806.72744,1
1780495200000,1866.75,1868,1851.79,1857.79,2238388.39,223838.839,415902237.86427,1
1780498800000,1857.8,1859.18,1835.18,1836.33,3110459.7,311045.97,574179319.28154,1
1780502400000,1836.32,1843.22,1810.36,1831.78,5824982.18,582498.218,1063691441.05158,1
1780506000000,1831.79,1838.69,1817.13,1827.3,2226760.45,222676.045,406920649.28674,1
1780509600000,1827.3,1833.77,1820.56,1831.58,1156516.47,115651.647,211327267.79598,1
1780513200000,1831.58,1833.06,1793.7,1802.59,3500886.21,350088.621,633720983.52205,1
1780516800000,1802.6,1812.62,1766,1780.4,4605644.64,460564.464,825086901.36231,1
1780520400000,1780.4,1849.55,1776.6,1849.49,4432045.68,443204.568,804775291.21146,1
1780524000000,1849.48,1852.47,1821.61,1828.29,2642379.84,264237.984,484851390.73565,1
1780527600000,1828.29,1830.24,1811.05,1812.56,1944121.9,194412.19,353669655.61301,1
1780531200000,1812.57,1820,1781.35,1793.25,4377357.23,437735.723,787009115.98595,1
1780534800000,1793.25,1800.57,1754.3,1759.36,5169322.17,516932.217,916781848.5048,1
1780538400000,1759.35,1777.8,1714.94,1765.99,8884810.82,888481.082,1553298023.20591,1
1780542000000,1766,1813.67,1765.54,1808.35,4390632.32,439063.232,788650071.42013,1
1780545600000,1808.36,1817.64,1801.47,1804.44,2102798.18,210279.818,380370181.27869,1
1780549200000,1804.44,1804.49,1779,1783.11,3243249.97,324324.997,580305057.97073,1
1780552800000,1783.11,1801.8,1781.17,1789.25,2088646.71,208864.671,374606429.75999,1
1780556400000,1789.25,1790.19,1772.35,1776.48,2267449.07,226744.907,403565174.44763,1
1780560000000,1776.49,1783.02,1763,1772.81,2762152.57,276215.257,489296342.5192,1
1780563600000,1772.8,1773.5,1743.79,1765.89,4320590.92,432059.092,758408711.5613,1
1780567200000,1765.89,1766.43,1728.94,1736.07,4497540.43,449754.043,785414920.48455,1
1780570800000,1736.08,1754.37,1731.8,1750.77,2746659.8,274665.98,478726881.09636,1
1780574400000,1750.77,1782,1743.59,1777.3,3899475.12,389947.512,688791483.83164,1
1780578000000,1777.3,1789.75,1754.45,1784.68,4421447.91,442144.791,784683801.06024,1
1780581600000,1784.69,1794.06,1765.35,1773.69,2853548.05,285354.805,507876731.11738,1
1780585200000,1773.69,1790.88,1769.21,1776.01,2106802.6,210680.26,374841244.20717,1
1780588800000,1776,1780.65,1765,1771.35,1474729.05,147472.905,261382010.68878,1
1780592400000,1771.35,1775.35,1752.27,1767.06,2237250.59,223725.059,394597082.43502,1
1780596000000,1767.07,1783.48,1759.02,1775.26,1665370.19,166537.019,295207664.47132,1
1780599600000,1775.25,1786.77,1770.07,1776.13,1193456.61,119345.661,212289330.44869,1
1780603200000,1776.13,1776.68,1763,1773.9,907463.46,90746.346,160601259.62107,1
1780606800000,1773.89,1782.54,1755.62,1760.27,1151910.13,115191.013,203825584.65913,1
1780610400000,1760.27,1769.91,1751.47,1767.91,1825769.49,182576.949,321211305.31108,1
1780614000000,1767.92,1776.37,1756.5,1770.01,1173169.3,117316.93,207302162.18945,1
1780617600000,1770,1774,1757.6,1758.74,1163899.87,116389.987,205598299.87944,1
1780621200000,1758.74,1763.56,1745.3,1752.67,1995621.21,199562.121,349954518.37486,1
1780624800000,1752.67,1754.32,1726.54,1729.6,2984091.52,298409.152,518805701.78644,1
1780628400000,1729.59,1739,1721.31,1729.2,2678921.84,267892.184,463446730.89844,1
1780632000000,1729.21,1745.55,1717,1743.72,4167946.55,416794.655,720804385.2353,1
1780635600000,1743.72,1747,1680.08,1683.41,8416429.16,841642.916,1436470889.78526,1
1780639200000,1683.4,1688.25,1620.06,1655.5,13363269.68,1336326.968,2214590384.90407,1
1780642800000,1655.51,1679.35,1632.12,1678.34,5366595.67,536659.567,888603363.25203,1
1780646400000,1678.35,1678.79,1658,1662.97,2434515.8,243451.58,406016336.23937,1
1780650000000,1662.98,1689.42,1661.76,1681.95,2976147.45,297614.745,499719670.82102,1
1780653600000,1681.95,1684.35,1671.17,1675.87,1437078.3,143707.83,240828161.50096,1
1780657200000,1675.86,1680.89,1661.87,1662.4,1762545.19,176254.519,294489771.70296,1
1780660800000,1662.41,1670.93,1645.03,1656.31,4268806.36,426880.636,707684497.82482,1
1780664400000,1656.31,1677,1611.08,1613.51,7560017.28,756001.728,1242986860.4431,1
1780668000000,1613.51,1623.34,1588,1599.47,11658434.24,1165843.424,1873696268.0532,1
1780671600000,1599.47,1603.65,1570.16,1582,9177420.65,917742.065,1456242274.44691,1
1780675200000,1582,1611.3,1545.78,1607.36,12623423.45,1262342.345,1996119254.17271,1
1780678800000,1607.35,1611.83,1586.53,1593.19,3294558.8,329455.88,526161720.34648,1
1780682400000,1593.2,1597.76,1543.8,1551.95,6068959.81,606895.981,949888323.19203,1
1780686000000,1551.96,1579.52,1538.33,1572.85,5671565.94,567156.594,882879835.57848,1
1780689600000,1572.85,1607.71,1555.7,1602.51,4634533.17,463453.317,734434955.17959,1
1780693200000,1602.5,1618.96,1601.3,1608.88,2386585.09,238658.509,384382877.44196,1
1780696800000,1608.87,1609.64,1588.52,1596.61,2468870.32,246887.032,394274013.27444,1
1780700400000,1596.62,1603.46,1559.12,1582.49,2559917.42,255991.742,404173229.39033,1
1780704000000,1582.5,1600.89,1581.84,1592.14,1345413.82,134541.382,214402194.15101,1
1780707600000,1592.13,1595.98,1576.7,1582.15,1252766.75,125276.675,198614180.32702,1
1780711200000,1582.16,1584.99,1565.44,1575.2,1592643.84,159264.384,250938491.34258,1
1780714800000,1575.17,1575.53,1553.25,1562.28,1920026.26,192002.626,300256381.85297,1
1780718400000,1562.29,1569.04,1507.82,1521.28,6891240.49,689124.049,1054645672.93265,1
1780722000000,1521.29,1568,1503.6,1565.74,6892376.42,689237.642,1062058451.72703,1
1780725600000,1565.74,1580.71,1553.63,1559.23,3423819.07,342381.907,537127830.80381,1
1780729200000,1559.23,1579.99,1555.1,1574.25,1786271.16,178627.116,280531856.35962,1
1780732800000,1574.24,1592.72,1568.7,1581.65,2173713.4,217371.34,344116458.15523,1
1780736400000,1581.65,1587.94,1564.31,1569.84,2000226.36,200022.636,315175075.96459,1
1780740000000,1569.84,1569.85,1534.4,1547.36,4197922.56,419792.256,649973065.3346,1
1780743600000,1547.37,1566.8,1546.34,1557.93,2153105.6,215310.56,335421237.45863,1
1780747200000,1557.94,1576.26,1550.16,1570.51,2020433.6,202043.36,315822518.1281,1
1780750800000,1570.51,1572.8,1553.39,1556.54,1700215.59,170021.559,265539474.10217,1
1780754400000,1556.53,1566,1555.39,1557.13,1095351.04,109535.104,171032902.23631,1
1780758000000,1557.13,1565,1543.1,1559.65,2299484.26,229948.426,357580411.71152,1
1780761600000,1559.64,1565,1551.68,1562.84,1272125.59,127212.559,198307955.31309,1
1780765200000,1562.84,1565.7,1545.7,1552.31,1462657.48,146265.748,227550846.41562,1
1780768800000,1552.3,1565.29,1548.87,1555.84,1183420.33,118342.033,184237710.35634,1
1780772400000,1555.84,1562.73,1552.6,1553.62,532795.4,53279.54,82954220.95816,1
1780776000000,1553.62,1559.32,1550,1556.68,811094.9,81109.49,126007807.74513,1
1780779600000,1556.68,1564.2,1556.54,1556.95,615989.26,61598.926,96134590.82151,1
1780783200000,1556.94,1561,1550.56,1557.25,759912.95,75991.295,118239394.89586,1
1780786800000,1557.25,1569.48,1555.75,1568.62,900874.49,90087.449,140886948.01124,1
1780790400000,1568.62,1571.92,1563.03,1564.01,909039.13,90903.913,142474935.78136,1
1780794000000,1564.01,1595.94,1563.26,1589.12,3177654.96,317765.496,503981420.70108,1
1780797600000,1589.12,1594.74,1581.26,1591.43,1351066.75,135106.675,214542204.51388,1
1780801200000,1591.43,1600,1588.33,1593.75,1431416.25,143141.625,228190539.21811,1
1780804800000,1593.75,1598.24,1583.66,1595.79,1295880.92,129588.092,206282586.67554,1
1780808400000,1595.79,1609.83,1592.14,1602.84,2639486.2,263948.62,423125613.53184,1
1780812000000,1602.84,1622.73,1597.19,1610.67,3601788.36,360178.836,580831054.42144,1
1780815600000,1610.68,1616.75,1606.49,1614.48,1314728.68,131472.868,211811052.71352,1
1780819200000,1614.48,1642,1607.5,1640.63,4239577.03,423957.703,689486211.41741,1
1780822800000,1640.63,1647.65,1627.05,1632.37,2956258.05,295625.805,484008961.60445,1
1780826400000,1632.37,1634.86,1623.42,1625,1510389.06,151038.906,245978837.0252,1
1780830000000,1625,1633.38,1621.25,1629.16,1320405.64,132040.564,214933744.58805,1
1780833600000,1629.16,1630.4,1605.13,1619.05,4019402.98,401940.298,648947529.64646,1
1780837200000,1619.04,1621.95,1612.2,1616.28,1164671.25,116467.125,188292959.57802,1
1780840800000,1616.27,1639.64,1615.63,1627.03,2999202.95,299920.295,488224345.81674,1
1780844400000,1627.04,1635.44,1620,1629.19,1618195.34,161819.534,263457923.18266,1
1780848000000,1629.19,1632.91,1622.3,1627.63,1048266.05,104826.605,170635412.85718,1
1780851600000,1627.64,1636.9,1626.57,1630.26,971031.18,97103.118,158565596.78638,1
1780855200000,1630.27,1635.71,1627.6,1629.32,751611.65,75161.165,122630245.35304,1
1780858800000,1629.33,1629.54,1602,1611.89,2994702.93,299470.293,482944011.30266,1
1780862400000,1611.88,1630.87,1608.11,1626.95,1324691.79,132469.179,214972678.8334,1
1780866000000,1626.96,1633.9,1622.6,1633.83,508371.16,50837.116,82760140.53793,1
1780869600000,1633.83,1723.22,1628.06,1671.76,7720921.2,772092.12,1295981766.39271,1
1780873200000,1671.77,1692,1669.86,1689.63,1652940.27,165294.027,277674362.73377,1
1780876800000,1689.62,1711.31,1682.3,1696.72,2636013.49,263601.349,447337597.8505,1
1780880400000,1696.71,1699.5,1670.31,1686.24,2382918.07,238291.807,400779984.68848,1
1780884000000,1686.25,1688.58,1675.91,1682.87,1052159,105215.9,176996858.03984,1
1780887600000,1682.88,1692.3,1676.01,1678.88,1206246.51,120624.651,203011712.38842,1
1780891200000,1678.89,1680,1654.72,1656.08,2568013.8,256801.38,427274050.33967,1
1780894800000,1656.01,1659,1643.54,1652.86,2364199.76,236419.976,390287016.37422,1
1780898400000,1652.86,1669.1,1651.69,1665.64,2083072.72,208307.272,346397013.2161,1
1780902000000,1665.64,1678.53,1660.61,1672.59,1956548.17,195654.817,327066174.24144,1
1780905600000,1672.58,1672.58,1656.18,1660.26,1555436.56,155543.656,258791729.03953,1
1780909200000,1660.26,1671.56,1656.24,1669.92,1763432.4,176343.24,293410240.76469,1
1780912800000,1669.93,1676.58,1660.58,1671.49,1527036.84,152703.684,254781288.24195,1
1780916400000,1671.48,1696.28,1666.56,1682.78,3502452.85,350245.285,590061173.7908,1
1780920000000,1682.77,1697.74,1665,1694.31,3969916.02,396991.602,666976461.48007,1
1780923600000,1694.31,1695.96,1677.39,1680.78,2574503.56,257450.356,434221909.15797,1
1780927200000,1680.77,1693.64,1675.8,1690.41,1687289.24,168728.924,284310330.04866,1
1780930800000,1690.42,1705.68,1687.5,1690.66,2997220.92,299722.092,508383317.58577,1
1780934400000,1690.66,1702.88,1681.45,1681.5,1977195.75,197719.575,334567704.25985,1
1780938000000,1681.5,1686.99,1673.99,1685.53,1860454.57,186045.457,312681150.18904,1
1780941600000,1685.53,1691.64,1677.6,1683.45,1045332.16,104533.216,176226023.11877,1
1780945200000,1683.45,1689.83,1680.2,1683.65,1020311.95,102031.195,171996991.21469,1
1780948800000,1683.66,1688.59,1677.04,1688.58,780313.18,78031.318,131346361.29301,1
1780952400000,1688.59,1713.59,1688.59,1702.44,1760396.47,176039.647,300170698.62959,1
1780956000000,1702.44,1703.27,1687.21,1702.21,1252999.28,125299.928,212375950.11605,1
1780959600000,1702.2,1713.69,1685.28,1689.19,1644348.26,164434.826,279263528.48513,1
1780963200000,1689.18,1695.89,1657.6,1662.16,3867288.17,386728.817,646865662.80519,1
1780966800000,1662.15,1673.18,1657.64,1667.96,1442895.69,144289.569,240496884.54081,1
1780970400000,1667.95,1671.61,1653.6,1667.17,1434675.91,143467.591,238454094.48787,1
1780974000000,1667.16,1670.87,1662.9,1668.47,1016253.69,101625.369,169404076.87024,1
1780977600000,1668.46,1695.62,1663.27,1685.4,3057018.94,305701.894,513915883.90141,1
1780981200000,1685.4,1694.48,1680.5,1687.42,1300796.25,130079.625,219533995.08762,1
1780984800000,1687.42,1694.93,1682.66,1684.99,1168835.07,116883.507,197362232.43978,1
1780988400000,1684.99,1690.79,1673.22,1679.15,1465528.9,146552.89,246278499.20418,1
1780992000000,1679.16,1679.83,1667.34,1674.26,1595037.14,159503.714,266932824.53811,1
1780995600000,1674.25,1679.29,1664,1669.62,1246516.5,124651.65,208242865.41569,1
1780999200000,1669.61,1675.9,1666.01,1673.58,805710.07,80571.007,134664385.92938,1
1781002800000,1673.58,1674.61,1665.01,1670.78,811835.05,81183.505,135520979.77189,1
1781006400000,1670.77,1684.15,1670.14,1675.78,1724027.01,172402.701,289116185.14594,1
1781010000000,1675.79,1679.66,1662.56,1665.83,2290669.49,229066.949,382694379.61783,1
1781013600000,1665.82,1670.14,1631.88,1645.08,6444145.26,644414.526,1060646114.44827,1
1781017200000,1645.08,1653.57,1633.9,1635.64,3322300.95,332230.095,545950956.90702,1
1781020800000,1635.63,1638.72,1612.68,1631.33,5530663.51,553066.351,899500304.02522,1
1781024400000,1631.33,1648.89,1631.33,1642,2711277.1,271127.71,445179270.19497,1
1781028000000,1642,1655.3,1638.96,1651.41,1431837.66,143183.766,236144651.15956,1
1781031600000,1651.42,1657.82,1646.72,1656.53,1121900.16,112190.016,185382176.14679,1
1781035200000,1656.53,1662.8,1654.47,1659.98,977510.59,97751.059,162122318.56719,1
1781038800000,1659.97,1660.97,1646.35,1649.58,675504.86,67550.486,111622044.58723,1
1781042400000,1649.59,1654.26,1638.05,1639.01,849535.95,84953.595,139771494.68725,1
1781046000000,1639.01,1642,1629,1638.8,1159815.38,115981.538,189837775.2924,1
1781049600000,1638.81,1646.31,1628.3,1644.86,1323183.32,132318.332,216698524.67332,1
1781053200000,1644.86,1646.29,1632.46,1638.3,1031353.93,103135.393,169114702.51301,1
1781056800000,1638.3,1641.79,1620.5,1623.3,1749738.52,174973.852,284781800.70472,1
1781060400000,1623.3,1635.89,1622.61,1629.84,1070961.18,107096.118,174546622.88281,1
1781064000000,1629.83,1632.21,1621.2,1625.27,949068.06,94906.806,154348605.42449,1
1781067600000,1625.28,1629.36,1615.23,1627.31,1519316.43,151931.643,246476775.06952,1
1781071200000,1627.32,1633.64,1621.75,1631.07,1050307.22,105030.722,171056499.91355,1
1781074800000,1631.07,1643.68,1629.87,1639.41,1356240.67,135624.067,222123645.8627,1
1781078400000,1639.42,1640,1617.19,1620.56,2016340.17,201634.017,328065934.37997,1
1781082000000,1620.56,1626.52,1605,1622.94,3027613.7,302761.37,489103160.54143,1
1781085600000,1622.93,1629.37,1617.12,1627.39,1011679.34,101167.934,164265444.14603,1
1781089200000,1627.4,1629.26,1610.41,1619.07,2456578.67,245657.867,397513257.27528,1
1781092800000,1619.08,1645,1614.7,1634.31,4010680.3,401068.03,654992599.15869,1
1781096400000,1634.3,1667.6,1630.64,1650.96,4563675.54,456367.554,753625100.75916,1
1781100000000,1650.96,1654.9,1636.33,1645.84,3262324.63,326232.463,536699987.42918,1
1781103600000,1645.85,1664.88,1635.17,1657.12,3720398.03,372039.803,613509560.22139,1
1781107200000,1657.11,1658.13,1631.34,1641.43,2486523.45,248652.345,409021395.61659,1
1781110800000,1641.43,1646.8,1621.68,1631.52,2958897.23,295889.723,482803420.03634,1
1781114400000,1631.52,1636.82,1621.65,1630.18,1380780.59,138078.059,224951906.52922,1
1781118000000,1630.19,1632.86,1622.19,1629.4,926795.26,92679.526,150884600.30087,1
1781121600000,1629.4,1635.5,1622.47,1629.55,885775.02,88577.502,144236457.02147,1
1781125200000,1629.56,1629.69,1601.29,1610.31,2126863.89,212686.389,343368121.97195,1
1781128800000,1610.31,1621.3,1603.28,1615.57,1334249.55,133424.955,215149483.22586,1
1781132400000,1615.58,1624.72,1608.14,1620.59,1111118.63,111111.863,179699358.8107,1
1781136000000,1620.6,1633.75,1620.6,1627.59,1247215.26,124721.526,203092448.61201,1
1781139600000,1627.58,1646.97,1627.49,1641.99,1558728.42,155872.842,255533649.60035,1
1781143200000,1642,1645.18,1629.52,1639.99,1348288.42,134828.842,220792766.12522,1
1781146800000,1639.99,1662,1634.88,1652.99,2292650.58,229265.058,378068564.43327,1
1781150400000,1652.99,1658.7,1648.7,1655.91,1059996.61,105999.661,175248151.75975,1
1781154000000,1655.91,1656,1646.35,1647.02,798228.41,79822.841,131722182.10076,1
1781157600000,1647.04,1662.42,1645.12,1653.84,1734965.23,173496.523,287465263.32551,1
1781161200000,1653.84,1657.58,1650.6,1653.39,751788.57,75178.857,124314013.3215,1
1781164800000,1653.38,1663.64,1653.38,1658.92,1129796.83,112979.683,187483400.67404,1
1781168400000,1658.92,1661.2,1655.32,1658.06,696366.12,69636.612,115462193.28003,1
1781172000000,1658.05,1660.71,1652.89,1657.73,929109.85,92910.985,153944864.61344,1
1781175600000,1657.72,1673.64,1654.7,1665.84,2219974.74,221997.474,369478030.82564,1
1781179200000,1665.83,1665.99,1641.67,1650.77,3302810.33,330281.033,545453243.97041,1
1781182800000,1650.77,1658.99,1643.16,1652.64,2029152.27,202915.227,335031306.13165,1
1781186400000,1652.64,1654.64,1638,1642.03,2757659.95,275765.995,453998143.19558,1
1781190000000,1642.03,1650,1635.22,1644.72,1767252.75,176725.275,290342632.529,1
1781193600000,1644.72,1648.8,1637.2,1638.88,1388743,138874.3,228163458.60355,1
1781197200000,1638.88,1692.8,1631.29,1687.74,7441284.61,744128.461,1240728871.28337,1
1781200800000,1687.75,1691,1676.08,1683,2384789.7,238478.97,401285386.04951,1
1781204400000,1683,1694.32,1675.15,1680.32,1978889.15,197888.915,333163186.32988,1
1781208000000,1680.32,1682.22,1666.41,1671.52,1388466.24,138846.624,232285759.5863,1
1781211600000,1671.52,1682.59,1671.36,1676.26,694776.7,69477.67,116579749.29563,1
1781215200000,1676.26,1682.36,1674.12,1675.01,549089.65,54908.965,92131262.59231,1
1781218800000,1675.01,1678.52,1669.2,1672.67,640285.36,64028.536,107123692.3128,1
1781222400000,1672.67,1677.14,1668.84,1671.78,652902.13,65290.213,109235201.11161,1
1781226000000,1671.78,1671.96,1658.5,1666.35,1108504.17,110850.417,184562327.74927,1
1781229600000,1666.35,1677.75,1666.02,1674.84,873765.77,87376.577,146180337.98487,1
1781233200000,1674.84,1675.8,1667.56,1672.36,530630.37,53063.037,88694741.10768,1
1781236800000,1672.36,1680.91,1668.12,1676.4,818599.57,81859.957,137156026.92137,1
1781240400000,1676.4,1677,1661.03,1663.4,1330925.38,133092.538,221844364.21523,1
1781244000000,1663.39,1666.09,1651.02,1656.55,1794355.52,179435.552,297371030.80723,1
1781247600000,1656.54,1663.98,1655.24,1661.08,916985.82,91698.582,152156305.94461,1
1781251200000,1661.08,1677.78,1661.04,1672.35,1870160.36,187016.036,312427113.16621,1
1781254800000,1672.32,1684.76,1670.23,1679.02,1563244.84,156324.484,262498185.35864,1
1781258400000,1679.03,1682.5,1670.6,1673.9,1048445.26,104844.526,175661267.28963,1
1781262000000,1673.9,1677.73,1671.1,1672.76,560521.17,56052.117,93854248.15571,1
1781265600000,1672.77,1672.77,1662.07,1665.71,1318632.46,131863.246,219845909.57706,1
1781269200000,1665.71,1668,1652.52,1656.65,2472412.71,247241.271,410369355.88957,1
1781272800000,1656.66,1685.31,1655.14,1684.79,3575917.25,357591.725,597841040.23162,1
1781276400000,1684.79,1690.63,1657.47,1659.39,4707687.78,470768.778,789588410.04822,1
1781280000000,1659.39,1675.37,1656.47,1672.19,2269544.84,226954.484,378504909.03004,1
1781283600000,1672.19,1677.45,1666.54,1668.17,965622.58,96562.258,161372613.25476,1
1781287200000,1668.17,1672.88,1662.64,1666.02,1051784.92,105178.492,175361701.12274,1
1781290800000,1666.02,1671.66,1663.87,1665.12,780082.32,78008.232,130059159.67758,1
1781294400000,1665.13,1667.21,1661.12,1664.13,462324.68,46232.468,76963690.82467,1
1781298000000,1664.14,1667.19,1662.28,1663.27,303966.76,30396.676,50608583.86609,1
1781301600000,1663.26,1666.6,1660.53,1661.65,362327.46,36232.746,60250885.79731,1
1781305200000,1661.65,1665.83,1657.77,1665.58,406431.85,40643.185,67530644.1585,1
1781308800000,1665.58,1668.42,1664.35,1666.58,482236.86,48223.686,80354831.15277,1
1781312400000,1666.59,1675.8,1665.78,1673.19,723520.98,72352.098,120898920.89907,1
1781316000000,1673.2,1673.68,1664.17,1667.23,601333.58,60133.358,100357394.69908,1
1781319600000,1667.22,1668.88,1662.04,1664.36,433362.17,43336.217,72154992.33743,1
1781323200000,1664.35,1667.5,1662.6,1663.65,448148.48,44814.848,74620200.41877,1
1781326800000,1663.65,1664.95,1661.3,1664.49,318179.59,31817.959,52925528.14955,1
1781330400000,1664.49,1669.39,1663,1668.86,332566.05,33256.605,55422263.85714,1
1781334000000,1668.86,1676.96,1667.44,1675.34,1085096.51,108509.651,181501767.4075,1
1781337600000,1675.34,1679.5,1672.26,1673.46,1145578.82,114557.882,191868008.05586,1
1781341200000,1673.45,1675.45,1671.6,1672.69,351504.89,35150.489,58819004.36615,1
1781344800000,1672.7,1675.72,1671.9,1673.2,329536.93,32953.693,55145515.79231,1
1781348400000,1673.23,1677.76,1672.36,1677.39,503990.21,50399.021,84484702.22308,1
1781352000000,1677.38,1683,1676,1679.69,724104.05,72410.405,121575801.33859,1
1781355600000,1679.7,1680.64,1675.66,1677.13,652432.46,65243.246,109478338.9277,1
1781359200000,1677.13,1680.77,1676.57,1679.05,386587.72,38658.772,64905207.27698,1
1781362800000,1679.06,1686.74,1677.57,1681.32,1111924.59,111192.459,186974680.50309,1
1781366400000,1681.32,1682.08,1670.39,1676.03,1673433.65,167343.365,280231342.84707,1
1781370000000,1676.03,1677.79,1672.36,1673.51,471739.51,47173.951,79027751.21953,1
1781373600000,1673.5,1681.85,1673.3,1677.61,511742.1,51174.21,85903225.32959,1
1781377200000,1677.6,1679.52,1674.83,1677.44,228953.5,22895.35,38402409.08657,1
1781380800000,1677.45,1677.56,1674.18,1675.77,229073.53,22907.353,38385668.19067,1
1781384400000,1675.77,1697.4,1673.83,1685.69,1120568.78,112056.878,189085939.0728,1
1781388000000,1685.68,1685.94,1680.46,1680.61,397188.89,39718.889,66844359.21326,1
1781391600000,1680.61,1683.63,1677,1680.35,380337.86,38033.786,63899719.19941,1
1781395200000,1680.36,1682.75,1677.88,1681.36,347176.51,34717.651,58345295.50298,1
1781398800000,1681.35,1690.81,1679.35,1683.02,635955.12,63595.512,107209826.34459,1
1781402400000,1683.03,1685,1680.59,1681.51,375258.34,37525.834,63136855.83182,1
1781406000000,1681.51,1682.48,1679,1680.86,388271.84,38827.184,65262068.29913,1
1781409600000,1680.85,1681.86,1675.01,1677.11,536141.32,53614.132,89953220.55293,1
1781413200000,1677.11,1678.35,1672.62,1677.32,533517.14,53351.714,89402970.63679,1
1781416800000,1677.33,1681.56,1674.56,1675.68,735524.45,73552.445,123380332.25325,1
1781420400000,1675.68,1677,1673,1675.11,470665.76,47066.576,78828926.80275,1
1781424000000,1675.11,1677.98,1673.68,1674.8,387710.79,38771.079,64976739.402,1
1781427600000,1674.8,1678.27,1667.45,1677.44,1487175.99,148717.599,248726119.22331,1
1781431200000,1677.44,1677.86,1672.32,1672.38,382852.61,38285.261,64137004.62739,1
1781434800000,1672.37,1676.52,1671.61,1672.93,314418.49,31441.849,52623948.25164,1
1781438400000,1672.94,1673.86,1664.14,1666.23,1128343.96,112834.396,188205337.58612,1
1781442000000,1666.22,1668.99,1663.12,1665.82,739652.49,73965.249,123231575.40501,1
1781445600000,1665.82,1669.45,1653.61,1658.8,2009432.49,200943.249,333385918.14471,1
1781449200000,1658.79,1664,1658.68,1662.09,837480.51,83748.051,139177353.36762,1
1781452800000,1662.09,1667.73,1658.56,1660.64,853684.72,85368.472,142049386.15123,1
1781456400000,1660.63,1666,1660.01,1661.53,682080.26,68208.026,113442749.59237,1
1781460000000,1661.54,1662.88,1658.06,1661.27,381477.15,38147.715,63343357.67171,1
1781463600000,1661.26,1667.43,1660.28,1664.71,308110.44,30811.044,51297356.58394,1
1781467200000,1664.71,1673.42,1661.78,1669.45,639721.55,63972.155,106749528.84481,1
1781470800000,1669.44,1731.8,1668.89,1717.88,5792546.55,579254.655,987588018.77509,1
1781474400000,1717.89,1728.35,1710.75,1721.66,2308184.11,230818.411,397128207.17328,1
1781478000000,1721.66,1725.4,1715.54,1724.6,1310598.98,131059.898,225622577.17996,1
1781481600000,1724.6,1733,1718.81,1720.05,1462767.9,146276.79,252274948.38617,1
1781485200000,1720.05,1721.68,1708.54,1715.08,1615049.96,161504.996,276965564.8777,1
1781488800000,1715.08,1726.22,1713.35,1716,834207.13,83420.713,143477218.03512,1
1781492400000,1716,1723.55,1714.74,1720.03,738650.1,73865.01,127051945.95526,1
1781496000000,1720.04,1723.34,1715.15,1716.37,917912.17,91791.217,157719878.26987,1
1781499600000,1716.37,1722,1715.25,1719.79,626569.97,62656.997,107676143.70499,1
1781503200000,1719.8,1722.78,1717.49,1719.05,629090.35,62909.035,108225066.69117,1
1781506800000,1719.06,1723,1715.56,1715.57,919132.62,91913.262,157999566.51995,1
1781510400000,1715.58,1721.22,1714.8,1719.49,542948.47,54294.847,93304119.66914,1
1781514000000,1719.49,1726.59,1711.34,1717.79,1478942.79,147894.279,254090840.81698,1
1781517600000,1717.8,1749.75,1717.28,1736.49,3466218.81,346621.881,600991201.10612,1
1781521200000,1736.5,1771.13,1733.18,1763.63,5583320.54,558332.054,979734086.66046,1
1781524800000,1763.63,1776.88,1759.27,1776.39,3096010.29,309601.029,547596336.73838,1
1781528400000,1776.4,1826.82,1773.33,1813.16,9910226.12,991022.612,1789419551.24898,1
1781532000000,1813.17,1817.68,1803.44,1813.69,2693533.09,269353.309,487646489.30283,1
1781535600000,1813.69,1848.65,1812.25,1844.62,5263948.97,526394.897,964639955.54522,1
1781539200000,1844.61,1846.49,1836.56,1841.84,2596879.68,259687.968,478142433.17006,1
1781542800000,1841.84,1841.85,1822.59,1828.3,3195039.65,319503.965,584571835.44953,1
1781546400000,1828.29,1834.96,1824.75,1827.2,1208702.34,120870.234,221103578.99518,1
1781550000000,1827.21,1833.63,1810.3,1820.85,2876710.18,287671.018,523791936.08609,1
1781553600000,1820.83,1826.12,1814.3,1816.25,984967.44,98496.744,179257987.45467,1
1781557200000,1816.25,1822.1,1808.58,1810.6,883703.25,88370.325,160384079.0647,1
1781560800000,1810.6,1812.69,1786,1788.62,2721081.19,272108.119,488607381.03573,1
1781564400000,1788.62,1797,1781.59,1795.01,1582960.63,158296.063,283255282.31362,1
1781568000000,1795.01,1802.73,1787.29,1788.59,1544784.87,154478.487,277287161.02646,1
1781571600000,1788.59,1796.58,1788.13,1791.25,956042.86,95604.286,171439252.4742,1
1781575200000,1791.25,1793.23,1766.15,1769.33,3182203.42,318220.342,565418853.91812,1
1781578800000,1769.32,1779.83,1763.65,1778.16,1949302.16,194930.216,345788031.07986,1
1781582400000,1778.16,1782.81,1757.2,1759.81,2563702.56,256370.256,453301117.70269,1
1781586000000,1759.8,1765.4,1759.5,1761.3,1109180.78,110918.078,195511720.84088,1
1781589600000,1761.29,1773.5,1761.29,1770.47,1532227.76,153222.776,270883994.10532,1
1781593200000,1770.48,1775.77,1768,1773.18,1024410.61,102441.061,181524717.91164,1
1781596800000,1773.18,1807.46,1772.09,1802.23,4033135.37,403313.537,721388864.22638,1
1781600400000,1802.23,1805,1786.14,1788.7,2562912.04,256291.204,459753643.26387,1
1781604000000,1788.71,1799.94,1787.67,1793.16,1475807.43,147580.743,264804277.39167,1
1781607600000,1793.17,1799.69,1790.21,1798.88,994411.22,99441.122,178471090.32372,1
1781611200000,1798.88,1838.88,1795.75,1813.92,6231942.8,623194.28,1133466463.85525,1
1781614800000,1813.93,1816.43,1790.17,1797.09,3643349.91,364334.991,656662018.8296,1
1781618400000,1797.1,1804.93,1762.53,1779.66,5708089.55,570808.955,1016032252.70365,1
1781622000000,1779.66,1787.67,1773.76,1781.5,2444336.5,244433.65,435325956.87159,1
1781625600000,1781.5,1784.86,1772.01,1776.99,1264183.18,126418.318,224714840.30098,1
1781629200000,1777,1798.95,1776.5,1794.34,1733676.5,173367.65,310243782.1775,1
1781632800000,1794.35,1808,1791.64,1798.58,2114996.81,211499.681,380584915.89672,1
1781636400000,1798.57,1800.71,1789.01,1794.46,1206948.6,120694.86,216572564.82411,1
1781640000000,1794.46,1797.98,1788.12,1796.98,704506,70450.6,126326691.62949,1
1781643600000,1796.97,1799.81,1789.3,1795.5,615854.52,61585.452,110509837.25925,1
1781647200000,1795.49,1798.88,1790.22,1795.49,565476.06,56547.606,101447779.59962,1
1781650800000,1795.49,1798.29,1790.28,1792.41,435097.95,43509.795,78051871.06112,1
1781654400000,1792.41,1798.29,1791.21,1793.38,682711.56,68271.156,122526081.98351,1
1781658000000,1793.38,1798,1778.03,1796.87,2190008.05,219000.805,391566364.83504,1
1781661600000,1796.88,1809.78,1787.5,1794.87,2150780.59,215078.059,386893000.12381,1
1781665200000,1794.87,1796.44,1786.3,1792.8,814674.56,81467.456,145940243.36272,1
1781668800000,1792.8,1802.86,1791.33,1793.49,824334.66,82433.466,148059739.15984,1
1781672400000,1793.5,1798.55,1788.07,1793.15,671288.18,67128.818,120355414.00646,1
1781676000000,1793.16,1796.27,1785.36,1789.67,938924.46,93892.446,168052868.23941,1
1781679600000,1789.66,1791.77,1778.1,1784.23,1383368.38,138336.838,246873167.49064,1
1781683200000,1784.23,1785.57,1759.08,1764.73,3140184.04,314018.404,555527621.07862,1
1781686800000,1764.74,1777.5,1764.21,1772.21,1584309.76,158430.976,280609956.7893,1
1781690400000,1772.21,1775.2,1765.09,1767.52,862516.06,86251.606,152700006.33402,1
1781694000000,1767.52,1770,1758.32,1763.33,1753173.57,175317.357,309279926.82136,1
1781697600000,1763.34,1765.33,1742.02,1758.45,4024811.67,402481.167,705231372.09338,1
1781701200000,1758.45,1771.35,1753.7,1760.01,3024212.06,302421.206,533043862.89034,1
1781704800000,1760,1764.81,1739.5,1754.02,3606749.13,360674.913,632416245.48686,1
1781708400000,1754.02,1777.11,1750,1772.25,2908444.29,290844.429,513121157.29187,1
1781712000000,1772.24,1791.17,1768.19,1771.05,3355954.56,335595.456,596770682.32813,1
1781715600000,1771.05,1795.52,1766.33,1788.32,1951755.15,195175.515,347657390.37883,1
1781719200000,1788.31,1788.65,1745.03,1769.42,7579883.78,757988.378,1340369735.87814,1
1781722800000,1769.41,1775.03,1728,1734.05,5573538.93,557353.893,972752861.02758,1
1781726400000,1734.06,1747.2,1732.31,1746.49,1545184.55,154518.455,268814180.22989,1
1781730000000,1746.49,1747.2,1735.47,1738.1,618517.11,61851.711,107728732.13409,1
1781733600000,1738.1,1745.83,1724.83,1739.5,1401259.35,140125.935,243137932.3789,1
1781737200000,1739.51,1752,1739.14,1749.66,718364.13,71836.413,125506946.21092,1
1781740800000,1749.67,1758.98,1749.23,1752.22,1023793.92,102379.392,179590542.31758,1
1781744400000,1752.22,1762.41,1751.95,1754.27,1014273.36,101427.336,178256522.85087,1
1781748000000,1754.27,1758.42,1749.4,1755,917704.81,91770.481,161038877.97152,1
1781751600000,1755,1755.42,1740.31,1743.38,1201255.89,120125.589,209771286.44171,1
1781755200000,1743.38,1745.09,1728.69,1729.66,2132777.73,213277.773,369914245.52256,1
1781758800000,1729.67,1732.6,1721.21,1730.23,1963054.97,196305.497,339088864.65741,1
1781762400000,1730.23,1735.99,1724.69,1734.77,1268940.15,126894.015,219707400.61109,1
1781766000000,1734.78,1752.5,1732.03,1748.69,2019201.3,201920.13,352149146.85288,1
1781769600000,1748.69,1753.67,1745.12,1747.11,1469047.13,146904.713,256961667.10693,1
1781773200000,1747.11,1751.24,1741.46,1745.25,1208508.4,120850.84,210970741.02562,1
1781776800000,1745.26,1752.35,1738.48,1746.27,1520942.66,152094.266,265257741.0627,1
1781780400000,1746.26,1748.74,1738.1,1742.31,1116138.85,111613.885,194521460.14358,1
1781784000000,1742.31,1752.39,1740.7,1749.24,1039888.26,103988.826,181754400.77048,1
1781787600000,1749.24,1751.49,1727.7,1735.97,2732012.31,273201.231,475000171.24889,1
1781791200000,1735.97,1744.99,1728.68,1738.77,2334977.11,233497.711,405408811.54933,1
1781794800000,1738.77,1739.4,1677.01,1681.39,9473350.91,947335.091,1615655623.51384,1
1781798400000,1681.39,1692.52,1679.43,1686.08,3148495.44,314849.544,531002180.37344,1
1781802000000,1686.08,1686.81,1670.38,1678.56,2830251.57,283025.157,475235779.41573,1
1781805600000,1678.55,1688.51,1675.42,1684.4,1390569.45,139056.945,233979145.3993,1
1781809200000,1684.41,1707,1681.76,1704.67,1960903.91,196090.391,332692740.1938,1
1781812800000,1704.67,1717,1704.67,1709.75,1813468.49,181346.849,310300597.71032,1
1781816400000,1709.76,1711.15,1700.71,1707.47,847486.92,84748.692,144559492.86545,1
1781820000000,1707.46,1707.92,1698,1705.91,607993.17,60799.317,103565672.48342,1
1781823600000,1705.9,1711.7,1702,1710.14,697294.18,69729.418,119064387.40462,1
1781827200000,1710.15,1715.36,1707.72,1712.88,787518.01,78751.801,134842851.22779,1
1781830800000,1712.88,1718.61,1705.04,1712.6,897637.76,89763.776,153623010.95877,1
1781834400000,1712.6,1714.46,1700.04,1706.11,1000324.77,100032.477,170611955.67481,1
1781838000000,1706.11,1707.3,1681.1,1696.57,3011353.99,301135.399,509641128.09337,1
1781841600000,1696.56,1702.28,1685,1688.72,1451347.94,145134.794,245647636.8357,1
1781845200000,1688.73,1696.86,1688.5,1696.5,804954.83,80495.483,136355942.0437,1
1781848800000,1696.5,1702.99,1695.13,1699.37,925708.55,92570.855,157219297.8924,1
1781852400000,1699.36,1700.25,1689.11,1695,1195877.56,119587.756,202595835.79446,1
1781856000000,1695,1698.5,1692.56,1697.27,607799.45,60779.945,103062707.30534,1
1781859600000,1697.28,1699.25,1687.66,1688.47,1004363.59,100436.359,169877015.10183,1
1781863200000,1688.48,1693.88,1685.77,1691.74,890665.63,89066.563,150447627.90228,1
1781866800000,1691.73,1693.68,1688,1691.03,559753.76,55975.376,94672295.73222,1
1781870400000,1691.04,1695.45,1678.24,1694.6,2290754.72,229075.472,386464139.37248,1
1781874000000,1694.61,1710.99,1686.79,1702.49,3015692.38,301569.238,512279824.77153,1
1781877600000,1702.49,1709.14,1695.5,1705.96,1598694.25,159869.425,272185717.54062,1
1781881200000,1705.96,1711.81,1697.14,1706.7,1503818.14,150381.814,256279930.85439,1
1781884800000,1706.68,1711,1693.84,1695.84,1291039.61,129103.961,219927939.77924,1
1781888400000,1695.84,1705.97,1692.57,1703.74,1294091.66,129409.166,219818946.67613,1
1781892000000,1703.74,1704.6,1697.38,1701.88,433351.82,43335.182,73738721.57539,1
1781895600000,1701.88,1703.75,1697.2,1700.33,318567.56,31856.756,54165543.36808,1
1781899200000,1700.33,1708.72,1697.73,1707.99,457074.62,45707.462,77866604.55485,1
1781902800000,1707.99,1708,1700.39,1700.99,337144.24,33714.424,57466804.83078,1
1781906400000,1700.99,1710.2,1699.2,1706.77,470370.6,47037.06,80260225.11864,1
1781910000000,1706.78,1714.88,1704.01,1710.09,548290.5,54829.05,93719986.27008,1
1781913600000,1710.09,1718,1707.44,1707.84,1014530.11,101453.011,173672971.17556,1
1781917200000,1707.84,1712.67,1705.41,1708.94,539733.77,53973.377,92210149.67987,1
1781920800000,1708.94,1709.67,1703,1703.86,511865.23,51186.523,87300827.35072,1
1781924400000,1703.86,1708.5,1703.6,1707.43,228832.16,22883.216,39044328.93368,1
1781928000000,1707.44,1715,1705.72,1712.69,767881.06,76788.106,131454044.10158,1
1781931600000,1712.69,1734.46,1711.43,1725.24,2782993.33,278299.333,479979229.98816,1
1781935200000,1725.25,1728.97,1723,1726.66,689003.43,68900.343,118920985.44946,1
1781938800000,1726.66,1728.79,1722.01,1724.94,612779.21,61277.921,105742779.92693,1
1781942400000,1724.93,1726.05,1720.33,1722.12,693091.01,69309.101,119424664.37596,1
1781946000000,1722.12,1729.53,1722.12,1727.58,684188.71,68418.871,118125013.98829,1
1781949600000,1727.59,1728.75,1724.56,1726.79,387942.13,38794.213,66980801.76443,1
1781953200000,1726.8,1731.61,1724.77,1726.21,519504.32,51950.432,89757117.68964,1
1781956800000,1726.2,1729.5,1722.59,1726.08,615159.61,61515.961,106185174.97673,1
1781960400000,1726.08,1726.46,1711.67,1716.44,1822577.49,182257.749,312989506.99134,1
1781964000000,1716.44,1746.77,1707.01,1732.89,3887794.89,388779.489,670545376.2969,1
1781967600000,1732.89,1749.99,1728.72,1739.99,2844477.09,284447.709,494760210.92667,1
1781971200000,1739.99,1740.32,1730.08,1733.18,960089.79,96008.979,166473434.52199,1
1781974800000,1733.18,1733.25,1720.17,1725.94,1130624.71,113062.471,195170052.88512,1
1781978400000,1725.94,1731.29,1725.06,1725.76,488674.24,48867.424,84444814.29122,1
1781982000000,1725.76,1729.26,1724.06,1728.29,535305.04,53530.504,92426502.9845,1
1781985600000,1728.29,1730.46,1725.5,1729.95,243767.62,24376.762,42136693.19205,1
1781989200000,1729.95,1738.25,1729.36,1734.67,612829.88,61282.988,106275802.14158,1
1781992800000,1734.67,1745.64,1732.23,1742.42,1099401.05,109940.105,191332777.26505,1
1781996400000,1742.43,1742.97,1739.5,1739.91,525885.07,52588.507,91547564.31819,1
1782000000000,1739.9,1740.06,1735.03,1736.87,488902.65,48890.265,84921992.33497,1
1782003600000,1736.88,1739.27,1733.29,1735.95,412236.03,41223.603,71560321.47848,1
1782007200000,1735.95,1737.35,1734.61,1735.18,268195.54,26819.554,46556179.41966,1
1782010800000,1735.18,1741.42,1731.68,1737.02,647283.08,64728.308,112424433.57823,1
1782014400000,1737.01,1740.97,1730.43,1732.2,697895.94,69789.594,121131169.99433,1
1782018000000,1732.21,1736.8,1727.31,1732.61,774520.22,77452.022,134164590.84453,1
1782021600000,1732.61,1737.99,1731.54,1735.33,372796.06,37279.606,64681191.44565,1
1782025200000,1735.34,1735.49,1731.05,1731.54,378948.36,37894.836,65677232.31565,1
1782028800000,1731.54,1732.52,1722.51,1728.46,1109170.26,110917.026,191572575.2276,1
1782032400000,1728.46,1733.77,1725.03,1732.02,727002.09,72700.209,125745308.61317,1
1782036000000,1732.02,1736.16,1729.87,1730.57,640162.72,64016.272,110932083.47022,1
1782039600000,1730.57,1734.15,1717.3,1724.48,1455427.19,145542.719,250989080.65185,1
1782043200000,1724.48,1726.37,1715.18,1725.08,1463236.21,146323.621,251764478.64949,1
1782046800000,1725.07,1727.81,1721.16,1724.08,768342.76,76834.276,132476049.63042,1
1782050400000,1724.08,1727.82,1720.59,1727.77,534191.13,53419.113,92074706.67731,1
1782054000000,1727.77,1732.06,1726.14,1729.7,836754.02,83675.402,144729465.90915,1
1782057600000,1729.69,1729.69,1721.05,1727,756286.11,75628.611,130518263.20369,1
1782061200000,1726.99,1730.62,1725.03,1726.38,449133.47,44913.347,77593903.97301,1
1782064800000,1726.37,1737.27,1720.66,1734.36,1045189.13,104518.913,180878312.89478,1
1782068400000,1734.35,1738.73,1732.44,1733.29,418053.23,41805.323,72524353.94134,1
1782072000000,1733.3,1734.45,1716.01,1720.43,1037918.07,103791.807,178897313.27176,1
1782075600000,1720.43,1723.46,1700.02,1717.48,2212664.9,221266.49,378699727.48753,1
1782079200000,1717.47,1720.63,1707.41,1716.75,1101636.54,110163.654,188875141.58905,1
1782082800000,1716.75,1716.86,1703.18,1706.12,1140270.5,114027.05,194805356.58633,1
1782086400000,1706.13,1731.56,1705.97,1726.16,1970747.06,197074.706,339121421.04676,1
1782090000000,1726.17,1759.11,1723.63,1743.05,4836070.98,483607.098,843887930.76577,1
1782093600000,1743.06,1744.65,1736.4,1736.4,1164717.77,116471.777,202700333.00363,1
1782097200000,1736.4,1740.4,1725.6,1729.51,1956401.11,195640.111,338984657.16668,1
1782100800000,1729.5,1735.38,1727,1734.59,848644.52,84864.452,146984389.01776,1
1782104400000,1734.58,1739,1733.4,1736.21,667346.26,66734.626,115881471.41997,1
1782108000000,1736.21,1739.5,1732.35,1734.17,900223.22,90022.322,156263166.70174,1
1782111600000,1734.17,1750.7,1733.7,1745.57,1976224.58,197622.458,344903777.72698,1
1782115200000,1745.58,1751.58,1742.64,1746.82,1206457.07,120645.707,210735251.21298,1
1782118800000,1746.82,1749.78,1742.47,1745.31,721475.76,72147.576,125951676.20232,1
1782122400000,1745.32,1750.69,1744.17,1747.99,840788.76,84078.876,147012437.84704,1
1782126000000,1747.99,1774.2,1746.5,1766.64,3753749.81,375374.981,660995220.81586,1
1782129600000,1766.65,1771.74,1760.05,1763.16,1780566.48,178056.648,314207774.92616,1
1782133200000,1763.16,1779.41,1761,1776.69,2751227.12,275122.712,487389752.3084,1
1782136800000,1776.69,1777.21,1748.41,1753.83,3576521.85,357652.185,629116912.81666,1
1782140400000,1753.83,1757.21,1741.24,1744.15,2107785.78,210778.578,368753668.06693,1
1782144000000,1744.15,1745.69,1732.4,1739.53,2616414.93,261641.493,455001995.41658,1
1782147600000,1739.54,1742.79,1730.6,1740.39,1411061.98,141106.198,245015999.05494,1
1782151200000,1740.4,1747.17,1728.31,1732.72,1933360.08,193336.008,336073816.85549,1
1782154800000,1732.69,1736.34,1728.37,1733.93,1213165.26,121316.526,210152798.00284,1
1782158400000,1733.93,1739.9,1730.35,1734,665091.17,66509.117,115395961.63892,1
1782162000000,1733.99,1736.95,1726,1732.2,597423.64,59742.364,103414624.80952,1
1782165600000,1732.2,1735.15,1715.58,1723.5,1704990.3,170499.03,293581492.79703,1
1782169200000,1723.49,1729.69,1720.38,1727.4,907679.81,90767.981,156623557.62847,1
1782172800000,1727.39,1731,1718.85,1730.35,1049005.31,104900.531,180996516.93725,1
1782176400000,1730.36,1735.7,1720.2,1729.66,1377842.06,137784.206,238225217.8784,1
1782180000000,1729.66,1734.25,1725.21,1731.88,640741.99,64074.199,110878143.43961,1
1782183600000,1731.87,1732.28,1724.64,1729.17,574655.83,57465.583,99273982.00295,1
1782187200000,1729.17,1730.7,1717.12,1718.36,1012632.12,101263.212,174484018.71484,1
1782190800000,1718.36,1720.92,1708.59,1712.76,2021327.3,202132.73,346407828.84802,1
1782194400000,1712.75,1713.01,1679.49,1691.31,5726205.23,572620.523,969071400.50466,1
1782198000000,1691.31,1695.41,1680.85,1681.96,1682223.48,168222.348,284142693.2621,1
1782201600000,1681.96,1683.95,1633.34,1647.18,9315781.53,931578.153,1542513815.66157,1
1782205200000,1647.18,1653.33,1646.76,1649.81,1358978.38,135897.838,224240397.66436,1
1782208800000,1649.8,1657.87,1648.01,1651.51,1338487.15,133848.715,221249995.78527,1
1782212400000,1651.51,1662.97,1651.51,1659.99,1617149.34,161714.934,268259215.90282,1
1782216000000,1659.99,1661.63,1652.15,1653.76,1095959.12,109595.912,181556354.92575,1
1782219600000,1653.75,1663.37,1644.01,1661.99,3799526.69,379952.669,628567004.15209,1
1782223200000,1661.93,1671.23,1657.02,1661.2,3145146.78,314514.678,523199603.92521,1
1782226800000,1661.21,1662.6,1650.26,1659.07,1799107.68,179910.768,297896696.27417,1
1782230400000,1659.07,1673.77,1656.88,1658.5,2393099.85,239309.985,398411720.84125,1
1782234000000,1658.5,1664.26,1653.6,1655.99,950782.5,95078.25,157683445.78858,1
1782237600000,1656,1659.92,1648.5,1654.57,1179070.44,117907.044,194998027.22968,1
1782241200000,1654.56,1663.4,1654.48,1661.91,925363.77,92536.377,153545707.1763,1
1782244800000,1661.91,1666.86,1660.53,1663.27,673073.24,67307.324,111961284.34871,1
1782248400000,1663.27,1667.56,1662.8,1665.99,406709.15,40670.915,67718495.2137,1
1782252000000,1665.99,1672,1662.03,1663.88,621687.27,62168.727,103601622.79643,1
1782255600000,1663.88,1668.62,1659.31,1666.38,664892.53,66489.253,110579568.40823,1
1782259200000,1666.37,1674.22,1665.94,1670.68,992704.18,99270.418,165796724.71851,1
1782262800000,1670.68,1679.77,1665.07,1672.07,1510028.25,151002.825,252691851.05882,1
1782266400000,1672.07,1672.93,1662.58,1662.96,1070992.24,107099.224,178551600.9926,1
1782270000000,1662.99,1669.35,1656.81,1665.93,1141791.63,114179.163,189902373.50068,1
1782273600000,1665.94,1670.4,1657.3,1668.03,1038175.86,103817.586,172870368.99849,1
1782277200000,1668.04,1678.88,1666.99,1673.71,1250632.3,125063.23,209309616.07577,1
1782280800000,1673.71,1676.18,1669.34,1673.99,591602.24,59160.224,98998510.74237,1
1782284400000,1673.99,1677.91,1670.01,1672.39,831904.35,83190.435,139200314.14206,1
1782288000000,1672.39,1674.62,1668.3,1672.48,597507.76,59750.776,99861574.17626,1
1782291600000,1672.48,1672.49,1664.22,1666.33,785536.79,78553.679,130954096.19528,1
1782295200000,1666.32,1667.22,1661.69,1662.85,888717,88871.7,147930791.9515,1
1782298800000,1662.85,1693,1654.52,1678.52,3861115.96,386111.596,646204361.39764,1
1782302400000,1678.51,1680.6,1669.6,1670.67,1524971.39,152497.139,255447329.51097,1
1782306000000,1670.66,1671.49,1640.1,1644.64,6641436.28,664143.628,1097710729.7516,1
1782309600000,1644.64,1656.46,1637.19,1646.74,3800465.79,380046.579,625484470.74143,1
1782313200000,1646.77,1651,1615.74,1617.46,5371812.06,537181.206,875923127.35819,1
1782316800000,1617.45,1635.45,1583.8,1589.17,8785690.13,878569.013,1412646884.45651,1
1782320400000,1589.17,1597,1551.23,1559.49,8761440.05,876144.005,1377294843.35401,1
1782324000000,1559.5,1584,1555.44,1571.53,4108399.79,410839.979,645883784.75752,1
1782327600000,1571.54,1584.74,1566.1,1583.72,1934547.65,193454.765,304909602.24446,1
1782331200000,1583.72,1621.69,1579.01,1613.1,4255363,425536.3,683381013.25529,1
1782334800000,1613.1,1621.02,1605.12,1620.36,1104166.21,110416.621,178100283.38636,1
1782338400000,1620.37,1629.67,1612.71,1614.63,1135517.68,113551.768,183958999.59157,1
1782342000000,1614.64,1623.5,1612.81,1621.55,729273.14,72927.314,118060153.08616,1
1782345600000,1621.56,1625.84,1615.44,1618.35,1070292.15,107029.215,173463795.91768,1
1782349200000,1618.35,1623.36,1613.49,1619.94,871934.24,87193.424,141130583.7242,1
1782352800000,1619.95,1620.77,1614,1620.2,627295.04,62729.504,101462533.92025,1
1782356400000,1620.21,1623.47,1615.22,1618.95,642772.52,64277.252,104051408.2785,1
1782360000000,1618.96,1635.95,1616.39,1634.06,1866702.33,186670.233,303879447.47053,1
1782363600000,1634.05,1651.94,1632.64,1644.79,4051125.06,405112.506,666032530.98949,1
1782367200000,1644.79,1660.63,1643.32,1653,1893938.01,189393.801,312838484.56226,1
1782370800000,1653,1658.88,1650.02,1656.35,1244804.97,124480.497,205964281.44843,1
1782374400000,1656.35,1658.18,1650.05,1651.86,900838.9,90083.89,148883520.5655,1
1782378000000,1651.87,1654.44,1646,1647.89,1094821.92,109482.192,180544268.82187,1
1782381600000,1647.88,1648.87,1632.11,1635.84,1965962.16,196596.216,322370547.12932,1
1782385200000,1635.83,1638.38,1626.86,1632.42,2416134.38,241613.438,394255437.63454,1
1782388800000,1632.42,1650.72,1623,1634.8,3430766.12,343076.612,561468931.74781,1
1782392400000,1634.8,1639.81,1530.01,1537.21,12837049.38,1283704.938,2030662898.80707,1
1782396000000,1537.21,1592.59,1536.95,1567.47,11956137.43,1195613.743,1871358792.42387,1
1782399600000,1567.48,1572.99,1543.29,1569.33,5287290.34,528729.034,824240355.79915,1
1782403200000,1569.32,1587.03,1557.14,1561.18,4156661.2,415666.12,653192552.03513,1
1782406800000,1561.18,1574.64,1556.2,1574.05,2306866.96,230686.696,361635639.05441,1
1782410400000,1574.04,1576.94,1559.41,1566.98,1885812.13,188581.213,295544433.81429,1
1782414000000,1566.98,1567.16,1553.6,1558.89,1298859.6,129885.96,202450132.56453,1
1782417600000,1558.88,1570.18,1556,1559.61,1169780.53,116978.053,182945675.01494,1
1782421200000,1559.61,1582.5,1559.44,1579.93,986650.83,98665.083,155091939.75265,1
1782424800000,1579.92,1582.8,1565.51,1569.3,1201644.16,120164.416,188845028.45159,1
1782428400000,1569.3,1578.96,1563.4,1567.09,1228660.85,122866.085,193205548.77166,1
1782432000000,1567.09,1570.98,1562.55,1563.73,745574.68,74557.468,116877717.80595,1
1782435600000,1563.73,1567.73,1554.16,1559.18,1295516.47,129551.647,202063803.21993,1
1782439200000,1559.18,1560.1,1518.23,1523.71,6503138.62,650313.862,995797230.91812,1
1782442800000,1523.71,1563.33,1511,1557.1,5932730.66,593273.066,910995677.65437,1
1782446400000,1557.1,1559.88,1546.5,1549.03,1874776.64,187477.664,291042535.50394,1
1782450000000,1549.03,1558.69,1547.68,1554.86,1284103.32,128410.332,199528804.09601,1
1782453600000,1554.86,1573.6,1542.33,1570.23,3800823.25,380082.325,592714419.26551,1
1782457200000,1570.23,1585.74,1570,1579.79,2758723.3,275872.33,435512400.36958,1
1782460800000,1579.79,1581.23,1562.34,1565.75,2240930.28,224093.028,351943136.11991,1
1782464400000,1565.75,1566.4,1548.22,1552,2441207.07,244120.707,380422616.96883,1
1782468000000,1552.01,1555.62,1543.52,1547.53,1934626.64,193462.664,299804107.91228,1
1782471600000,1547.53,1554.64,1540.1,1544.42,1967742.07,196774.207,304368558.79489,1
1782475200000,1544.41,1560.26,1526.02,1535.5,5329054.42,532905.442,820883603.89238,1
1782478800000,1535.51,1570.89,1520.31,1568.56,6675963.43,667596.343,1029958843.02331,1
1782482400000,1568.56,1574.66,1552.68,1559.2,4876333.48,487633.348,762199062.10739,1
1782486000000,1559.2,1587.98,1558.6,1579.27,4693526.99,469352.699,739958023.95889,1
1782489600000,1579.26,1594.95,1571.12,1576.94,3232988.13,323298.813,511438327.18999,1
1782493200000,1576.93,1588.59,1575.51,1581.1,1459110.02,145911.002,230993245.19346,1
1782496800000,1581.11,1584.79,1568.89,1572.45,1090325.97,109032.597,171870482.58643,1
1782500400000,1572.47,1583.5,1569.6,1573.92,1428140.67,142814.067,225325217.97273,1
1782504000000,1573.92,1582.72,1566.74,1570.06,1261129.21,126112.921,198380965.80138,1
1782507600000,1570.06,1578.96,1567.62,1574.29,485810.14,48581.014,76438946.92988,1
1782511200000,1574.29,1578.62,1568.5,1577,513652.17,51365.217,80815819.44636,1
1782514800000,1577.01,1580.33,1573.4,1577.89,503428.69,50342.869,79404163.07392,1
1782518400000,1577.89,1581.51,1570.53,1576.05,778306.52,77830.652,122609130.67364,1
1782522000000,1576.05,1576.96,1573.08,1575.05,281559.57,28155.957,44344249.54063,1
1782525600000,1575.04,1586.44,1573.68,1582.22,1265938.62,126593.862,200302519.54881,1
1782529200000,1582.22,1584.2,1577.46,1579.7,835726.38,83572.638,132053202.30728,1
1782532800000,1579.7,1584.8,1578.16,1578.89,555501.91,55550.191,87882982.51865,1
1782536400000,1578.9,1580.64,1576.1,1577.82,513470.4,51347.04,81040720.18034,1
1782540000000,1577.82,1583.96,1574.44,1581.96,757919.05,75791.905,119725008.31498,1
1782543600000,1581.96,1585.47,1579.69,1584.71,648401.53,64840.153,102625582.85107,1
1782547200000,1584.7,1585,1580.89,1583.32,495659.33,49565.933,78454923.41029,1
1782550800000,1583.32,1584.27,1578.17,1581.98,460038.95,46003.895,72713342.43347,1
1782554400000,1581.98,1584.1,1581.14,1583.4,318387.83,31838.783,50390889.4663,1
1782558000000,1583.4,1584.4,1578.05,1583.09,597977.15,59797.715,94560283.56536,1
1782561600000,1583.1,1585.59,1580.37,1585.02,559089.75,55908.975,88519002.1046,1
1782565200000,1585.02,1592.37,1584,1591.22,1317367.3,131736.73,209219468.62082,1
1782568800000,1591.23,1597.9,1588.33,1593.69,1578163.84,157816.384,251470585.32107,1
1782572400000,1593.69,1610.57,1592.91,1604.97,3144705.66,314470.566,504127458.68473,1
1782576000000,1604.96,1607.52,1600.68,1606.38,752073.19,75207.319,120604884.545,1
1782579600000,1606.37,1606.37,1587,1590.52,2603828.43,260382.843,414997301.76561,1
1782583200000,1590.52,1594,1588.16,1593.19,589255.61,58925.561,93768368.01658,1
1782586800000,1593.2,1594.52,1572.22,1577.59,2308519.33,230851.933,364893827.35799,1
1782590400000,1577.59,1582.42,1577.58,1580.74,480296.34,48029.634,75912562.79165,1
1782594000000,1580.75,1584.85,1573.32,1574.51,961916.23,96191.623,151952336.52429,1
1782597600000,1574.51,1578.94,1561.49,1578.28,1874762.05,187476.205,294496137.96651,1
1782601200000,1578.28,1580.96,1569.8,1573.19,931388.72,93138.872,146648607.08421,1
1782604800000,1573.19,1577.36,1571.85,1574.1,496965.97,49696.597,78273628.32039,1
1782608400000,1574.1,1576.29,1569.18,1574.47,614866.46,61486.646,96703679.92655,1
1782612000000,1574.48,1579.44,1568.2,1571.25,1052501.37,105250.137,165581843.8299,1
1782615600000,1571.26,1575.6,1571.25,1574.26,352599.61,35259.961,55485017.25274,1
1782619200000,1574.26,1576.79,1569.51,1573.45,437018.32,43701.832,68760431.83803,1
1782622800000,1573.46,1573.76,1563.42,1568.24,1542216.94,154221.694,241722570.47696,1
1782626400000,1568.24,1569.77,1561.55,1567.03,831552.05,83155.205,130163239.56259,1
1782630000000,1567.02,1576.64,1567,1574.97,865244.72,86524.472,136091225.26207,1
1782633600000,1574.97,1584.48,1572.55,1580.37,1714600.24,171460.024,270752588.52359,1
1782637200000,1580.37,1585.69,1577.55,1578.12,859486.87,85948.687,135914692.47856,1
1782640800000,1578.13,1580.66,1571.12,1576.53,977785.1,97778.51,154058036.02828,1
1782644400000,1576.54,1583.3,1574.99,1582.07,782871.12,78287.112,123685227.87278,1
1782648000000,1582.08,1588.59,1577.4,1582.72,881188.74,88118.874,139447060.75599,1
1782651600000,1582.72,1582.83,1573.89,1578.85,1072852.11,107285.211,169323150.26419,1
1782655200000,1578.84,1585.85,1577.02,1580.77,929221.9,92922.19,146987312.63516,1
1782658800000,1580.76,1584.77,1576.45,1580.1,976081.21,97608.121,154267276.958,1
1782662400000,1580.09,1581.13,1565.55,1572,1970586.32,197058.632,309685888.18429,1
1782666000000,1572,1576.8,1562.5,1571.39,1617378.92,161737.892,253733801.1295,1
1782669600000,1571.38,1574.45,1568.32,1570.9,583487.33,58348.733,91693228.63436,1
1782673200000,1570.89,1573.79,1555.53,1563.8,1458891.95,145889.195,227937095.73712,1
1782676800000,1563.8,1575.88,1563.5,1572.54,831236.56,83123.656,130561222.11436,1
1782680400000,1572.54,1573.26,1558.15,1562.91,825915.75,82591.575,129299939.38865,1
1782684000000,1562.91,1581.74,1546.69,1556.01,3355266.81,335526.681,524628101.90735,1
1782687600000,1556,1579.43,1554.19,1571.25,1963116.46,196311.646,307897420.09163,1
1782691200000,1571.26,1574.17,1551.11,1572.48,2956168.49,295616.849,461849935.96677,1
1782694800000,1572.48,1573.59,1559.1,1567.81,1380417.31,138041.731,216321014.63939,1
1782698400000,1567.8,1578.3,1549.24,1575.69,3103729.5,310372.95,486146348.70254,1
1782702000000,1575.69,1589.46,1575.69,1583.94,2093735.7,209373.57,331408390.30635,1
1782705600000,1583.94,1584.32,1573.63,1574.72,956416.47,95641.647,150980468.59259,1
1782709200000,1574.73,1582.67,1561.28,1582.49,2321626.57,232162.657,364598779.4118,1
1782712800000,1582.5,1588.6,1578.83,1582.15,1374977.71,137497.771,217778748.09437,1
1782716400000,1582.16,1584.22,1576.72,1579.32,642762.56,64276.256,101543585.26443,1
1782720000000,1579.32,1581.52,1569.28,1572.3,1249724.51,124972.451,196797053.19879,1
1782723600000,1572.31,1579.8,1569.59,1575.51,1177840.07,117784.007,185450366.58515,1
1782727200000,1575.51,1586.24,1575.51,1577.73,1265563.72,126556.372,200055585.91398,1
1782730800000,1577.72,1581.79,1569.43,1574.21,1595329.75,159532.975,251049748.27007,1
1782734400000,1574.21,1596.3,1565.47,1575.41,5845527.4,584552.74,925091434.89456,1
1782738000000,1575.42,1588.56,1563.78,1572.11,4134749.1,413474.91,651098439.95208,1
1782741600000,1572.11,1578.81,1556.16,1572.22,4082156.76,408215.676,639648181.66462,1
1782745200000,1572.22,1584.94,1560.38,1579.31,3121609.11,312160.911,491329234.63819,1
1782748800000,1579.31,1587.44,1573.04,1584.41,1783989.76,178398.976,281936142.83531,1
1782752400000,1584.42,1637.54,1584.41,1627.21,7268961.62,726896.162,1175483146.74384,1
1782756000000,1627.21,1627.93,1617.1,1620.43,1542361.44,154236.144,250267010.99113,1
1782759600000,1620.43,1626.63,1615,1624.78,1280643.65,128064.365,207688349.74952,1
1782763200000,1624.78,1625.99,1616.61,1617,635909.75,63590.975,103115613.687,1
1782766800000,1617,1622.56,1611.12,1619.44,851244.78,85124.478,137612305.26269,1
1782770400000,1619.44,1621.29,1611.72,1612.37,610695.11,61069.511,98657933.58206,1
1782774000000,1612.37,1613.55,1607,1612.26,958188.33,95818.833,154295788.88846,1
1782777600000,1612.27,1614.27,1591.7,1593.8,2651511.84,265151.184,424060397.9899,1
1782781200000,1593.8,1599.38,1588.25,1593.21,1676738.36,167673.836,267133768.86482,1
1782784800000,1593.2,1593.3,1585.61,1590.1,1099088.97,109908.897,174713212.60105,1
1782788400000,1590.1,1595.6,1585.72,1586.45,948847.63,94884.763,150923688.61758,1
1782792000000,1586.45,1590.4,1578.5,1587.11,1781451.73,178145.173,282395236.17214,1
1782795600000,1587.1,1591.54,1584.38,1590.65,1047472.87,104747.287,166315571.20096,1
1782799200000,1590.66,1594.01,1587.88,1592.77,954467.86,95446.786,151910113.16064,1
1782802800000,1592.76,1595.29,1589.19,1591.54,839133.7,83913.37,133585359.81212,1
1782806400000,1591.55,1593.5,1578.22,1583.41,2406600.82,240660.082,381174557.56889,1
1782810000000,1583.4,1586.7,1580.88,1584.87,858097.42,85809.742,135909210.0653,1
1782813600000,1584.87,1586.3,1581.41,1583.8,809438.93,80943.893,128230240.56238,1
1782817200000,1583.81,1585.63,1575.06,1577.9,1791534.36,179153.436,282984458.4587,1
1782820800000,1577.89,1577.92,1550,1551.95,4211623.99,421162.399,658746082.728,1
1782824400000,1551.95,1567.38,1549.03,1566.69,4809954.37,480995.437,749572882.8529,1
1782828000000,1566.69,1577.6,1560.26,1562.76,4124734.61,412473.461,647510928.49741,1
1782831600000,1562.75,1576.31,1556.28,1564.55,2702639.2,270263.92,423128306.18678,1
1782835200000,1564.56,1574.31,1561.12,1571.75,1436562.79,143656.279,225130313.07314,1
1782838800000,1571.74,1576.48,1567.68,1570.34,1038163.51,103816.351,163125749.96156,1
1782842400000,1570.34,1581.9,1568.81,1578.34,1098622.94,109862.294,173121417.76383,1
1782846000000,1578.34,1581.26,1575,1580.03,937906.03,93790.603,148033066.77606,1
1782849600000,1580.03,1582.72,1571.8,1575.38,853910.6,85391.06,134664764.81662,1
1782853200000,1575.38,1576.6,1568.35,1571.11,504090.88,50409.088,79220409.81929,1
1782856800000,1571.11,1574.65,1566.05,1566.94,605606.03,60560.603,95034772.84399,1
1782860400000,1566.93,1571.99,1565.01,1571.35,537684.56,53768.456,84343152.19185,1
1782864000000,1571.36,1576.32,1565.42,1574.19,776036.11,77603.611,121936705.35254,1
1782867600000,1574.19,1586,1551.6,1577.13,3971506.51,397150.651,623235930.75908,1
1782871200000,1577.14,1588.85,1573.33,1585.53,2007869.52,200786.952,317883802.55415,1
1782874800000,1585.53,1598.71,1581.58,1593.92,2509966.04,250996.604,399102153.99159,1
1782878400000,1593.93,1604.21,1589.93,1598.48,1726758.65,172675.865,275804636.0473,1
1782882000000,1598.48,1600,1590,1591.94,1385797.57,138579.757,220898470.75548,1
1782885600000,1591.95,1592.3,1570.34,1575.54,3300747.3,330074.73,521210953.78614,1
1782889200000,1575.55,1580.63,1571.5,1577.75,1255185.02,125518.502,197805409.5987,1
1782892800000,1577.74,1581.9,1567.02,1581.9,1706986.31,170698.631,268683743.87357,1
1782896400000,1581.9,1584.8,1577.89,1580.5,1105972.04,110597.204,174823520.4823,1
1782900000000,1580.5,1581,1571.32,1572.72,1058938.84,105893.884,166749540.99635,1
1782903600000,1572.73,1575.28,1565.86,1569.25,1079455.45,107945.545,169617188.13829,1
1782907200000,1569.25,1571.95,1564.4,1569.46,1553052.84,155305.284,243518560.61307,1
1782910800000,1569.47,1597.41,1568.71,1596.48,4511337.92,451133.792,714157271.16183,1
1782914400000,1596.48,1616.55,1590.1,1600.31,6472770.33,647277.033,1037963105.3233,1
1782918000000,1600.31,1630.58,1599.88,1619.28,4952188.63,495218.863,801596826.90323,1
1782921600000,1619.27,1628.94,1611.6,1613.82,1946572.99,194657.299,315063787.91337,1
1782925200000,1613.83,1624.31,1606.25,1622.16,2051363.31,205136.331,331466180.79011,1
1782928800000,1622.16,1623.9,1611.15,1615.93,1301231.7,130123.17,210458068.30243,1
1782932400000,1615.92,1623.32,1613.55,1617.18,1172654.25,117265.425,189791396.23675,1
1782936000000,1617.19,1619.89,1609.37,1617.08,1474126.14,147412.614,237982792.37732,1
1782939600000,1617.08,1638.47,1616.72,1631.2,1817283.15,181728.315,295835768.55085,1
1782943200000,1631.19,1645.87,1619.44,1621,2621467.47,262146.747,427882008.6948,1
1782946800000,1621.01,1621.01,1606.86,1608.82,1523069.01,152306.901,245697155.18123,1
1782950400000,1608.82,1608.99,1596.32,1602.82,2192355.17,219235.517,351359265.57739,1
1782954000000,1602.82,1624.66,1601.8,1619.87,2145474.44,214547.444,346259310.77335,1
1782957600000,1619.87,1623.88,1613.92,1620.19,1104825.61,110482.561,178910630.15664,1
1782961200000,1620.18,1641.98,1617.41,1638.69,3148625.03,314862.503,513599605.36221,1
1782964800000,1638.69,1639.15,1628.8,1631.87,1215624.1,121562.41,198547249.18143,1
1782968400000,1631.87,1634.36,1624.3,1625.94,1168956.4,116895.64,190438621.95781,1
1782972000000,1625.94,1629.21,1616.66,1618.31,1469878.14,146987.814,238575895.22826,1
1782975600000,1618.3,1619.43,1613.92,1615.46,1286719.15,128671.915,207972613.37698,1
1782979200000,1615.45,1625.88,1614.66,1624.36,1456084.51,145608.451,236046654.72328,1
1782982800000,1624.35,1652.1,1619.38,1642.33,4501754.58,450175.458,738061412.70541,1
1782986400000,1642.34,1649.33,1640.31,1645.58,1512512.19,151251.219,248796241.46705,1
1782990000000,1645.57,1654.65,1643.75,1649.4,1932153.34,193215.334,318511217.91654,1
1782993600000,1649.39,1670.53,1646.87,1661.7,4984612.47,498461.247,826862668.7298,1
1782997200000,1661.7,1713.63,1660,1709.99,10515685.22,1051568.522,1779785285.12105,1
1783000800000,1710,1725.4,1692.22,1700.88,7171322.85,717132.285,1224289666.32848,1
1783004400000,1700.87,1702.94,1687.81,1696.19,2332623.96,233262.396,395742811.87365,1
1783008000000,1696.19,1703.73,1686.05,1698.99,2540291.97,254029.197,430424170.58947,1
1783011600000,1698.99,1705.5,1693.42,1695.08,1473165.08,147316.508,250320821.79471,1
1783015200000,1695.09,1706.51,1694.5,1701.3,885849.75,88584.975,150755231.56735,1
1783018800000,1701.3,1704.54,1693.79,1699.27,994536.55,99453.655,169041678.75834,1
1783022400000,1699.27,1706.36,1695.4,1704.98,895424,89542.4,152270917.77048,1
1783026000000,1704.98,1705.25,1696.29,1699.37,484046.81,48404.681,82344247.9972,1
1783029600000,1699.36,1700.34,1693.23,1696.01,515709.22,51570.922,87489627.79384,1
1783033200000,1696.01,1700.98,1691.05,1700,754416.52,75441.652,127952602.05245,1
1783036800000,1700,1702.47,1694,1696.03,773971.64,77397.164,131442345.38119,1
1783040400000,1696.03,1706.97,1694.66,1706.19,294247.13,29424.713,50104353.03185,0
